species,country_of_origin,number_of_bags,bag_weight,total_weight,processing,aroma,flavor,body,uniformity,cupper_points,yum_score
Arabica,Ethiopia,300,60.0,18000.0,Washed,8.67,8.83,8.5,10.0,9.0,0.99
Arabica,Ethiopia,300,60.0,18000.0,Washed,8.75,8.67,8.42,10.0,8.96,0.98
Arabica,Ethiopia,320,60.0,19200.0,Natural,8.17,8.58,8.5,10.0,8.81,0.94
Arabica,Ethiopia,300,60.0,18000.0,Washed,8.25,8.5,8.42,10.0,8.79,0.93
Arabica,Brazil,100,30.0,3000.0,Natural,8.58,8.42,8.25,10.0,8.81,0.92
Arabica,Peru,100,69.0,6900.0,Washed,8.42,8.5,8.25,10.0,8.79,0.92
Arabica,Ethiopia,50,60.0,3000.0,Natural,8.08,8.58,7.67,10.0,8.58,0.84
Arabica,Ethiopia,300,60.0,18000.0,Natural,8.17,8.67,7.75,10.0,8.65,0.86
Arabica,United States,10,1.0,10.0,Washed,8.25,8.42,8.08,10.0,8.69,0.88
Arabica,United States,10,1.0,10.0,Washed,8.08,8.67,8.0,10.0,8.69,0.88
Arabica,United States,10,1.0,10.0,Washed,8.0,8.5,8.17,10.0,8.67,0.88
Arabica,China,3,60.0,180.0,Washed,8.42,8.25,7.92,10.0,8.65,0.86
Arabica,Ethiopia,250,60.0,15000.0,Natural,8.17,8.17,8.08,10.0,8.61,0.85
Arabica,United States,10,1.0,10.0,Washed,8.0,8.25,8.25,10.0,8.62,0.87
Arabica,Costa Rica,250,1.360776,340.194,Washed,8.08,8.25,8.0,10.0,8.58,0.84
Arabica,Mexico,14,1.0,14.0,Washed,8.17,8.25,7.83,10.0,8.56,0.83
Arabica,United States,10,1.0,10.0,Washed,8.25,8.33,7.83,10.0,8.6,0.84
Arabica,Ethiopia,100,60.0,6000.0,Natural,8.42,8.17,8.33,10.0,8.73,0.9
Arabica,Brazil,3,60.0,180.0,Natural,8.5,8.5,8.0,10.0,8.75,0.9
Arabica,Uganda,100,60.0,6000.0,Washed,8.42,8.17,7.83,10.0,8.61,0.84
Arabica,Taiwan,20,50.0,1000.0,Pulped-Natural,8.0,8.0,8.0,10.0,8.5,0.82
Arabica,"Tanzania, United Republic Of",100,60.0,6000.0,Natural,8.42,8.17,7.58,10.0,8.54,0.81
Arabica,Brazil,29,60.0,1740.0,Natural,8.5,8.17,8.0,10.0,8.67,0.87
Arabica,Costa Rica,250,0.907184,226.796,Washed,8.17,7.83,7.83,10.0,8.46,0.79
Arabica,Ethiopia,320,60.0,19200.0,Natural,8.0,8.08,8.08,10.0,8.54,0.83
Arabica,Kenya,320,1.0,320.0,Washed,8.08,8.0,7.92,10.0,8.5,0.81
Arabica,United States (Hawaii),10,45.3592,453.592,Natural,8.08,8.17,7.92,10.0,8.54,0.83
Arabica,United States,10,1.0,10.0,Washed,7.67,8.17,8.17,10.0,8.5,0.83
Arabica,Thailand,53,1.0,53.0,Washed,7.83,8.33,7.58,10.0,8.44,0.79
Arabica,Taiwan,10,15.0,150.0,Semi-Washed,8.08,8.17,7.75,10.0,8.5,0.81
Arabica,Kenya,12,60.0,720.0,Natural,8.08,8.08,7.83,10.0,8.5,0.81
Arabica,Brazil,7,60.0,420.0,Semi-Washed,8.33,8.0,7.75,10.0,8.52,0.81
Arabica,Uganda,1,60.0,60.0,Semi-Washed,8.08,8.08,8.08,10.0,8.56,0.84
Arabica,Colombia,1,2.0,2.0,Washed,7.75,7.92,8.08,10.0,8.44,0.8
Arabica,Kenya,1,1.0,1.0,Washed,7.92,8.17,7.5,10.0,8.4,0.77
Arabica,Uganda,1,60.0,60.0,Washed,8.25,8.0,8.0,10.0,8.56,0.83
Arabica,Guatemala,80,69.0,5520.0,Washed,7.92,8.08,8.08,10.0,8.52,0.83
Arabica,Uganda,1,60.0,60.0,Natural,8.17,8.17,7.83,10.0,8.54,0.82
Arabica,Colombia,275,70.0,19250.0,Washed,8.0,8.0,7.83,10.0,8.46,0.8
Arabica,Panama,37,60.0,2220.0,Washed,8.0,8.0,7.83,10.0,8.46,0.8
Arabica,Ethiopia,320,60.0,19200.0,Washed,7.83,8.08,8.0,10.0,8.48,0.81
Arabica,Guatemala,150,1.0,150.0,Washed,7.83,8.0,7.83,10.0,8.41,0.78
Arabica,Guatemala,275,1.0,275.0,Washed,8.0,8.0,7.83,10.0,8.46,0.8
Arabica,Peru,280,2.26796,635.0288,Washed,8.0,8.0,7.92,10.0,8.48,0.81
Arabica,Papua New Guinea,7,60.0,420.0,Washed,8.33,8.42,8.0,9.33,8.52,0.83
Arabica,El Salvador,275,2.0,550.0,Washed,7.92,8.17,7.75,10.0,8.46,0.8
Arabica,El Salvador,19,1.0,19.0,Semi-Washed,7.83,8.0,7.92,10.0,8.44,0.8
Arabica,United States (Hawaii),8,45.3592,362.8736,Natural,7.83,8.0,8.08,10.0,8.48,0.81
Arabica,Panama,100,60.0,6000.0,Natural,8.0,7.75,7.67,10.0,8.36,0.76
Arabica,Kenya,16,60.0,960.0,Natural,7.92,7.92,7.83,10.0,8.42,0.78
Arabica,Ethiopia,320,60.0,19200.0,Natural,7.83,8.0,7.83,10.0,8.41,0.78
Arabica,Uganda,320,60.0,19200.0,Washed,8.33,7.92,7.67,10.0,8.48,0.79
Arabica,Guatemala,250,69.0,17250.0,Washed,8.0,7.83,7.83,10.0,8.41,0.78
Arabica,Ethiopia,320,60.0,19200.0,Washed,7.75,7.83,7.92,10.0,8.38,0.77
Arabica,Uganda,150,60.0,9000.0,Washed,8.08,8.0,8.0,10.0,8.52,0.82
Arabica,United States (Hawaii),8,45.3592,362.8736,Natural,7.92,7.92,7.75,10.0,8.4,0.77
Arabica,Brazil,5,60.0,300.0,Semi-Washed,8.0,8.0,7.75,10.0,8.44,0.79
Arabica,China,3,60.0,180.0,Natural,8.0,8.0,7.83,10.0,8.46,0.8
Arabica,Guatemala,36,30.0,1080.0,Natural,7.83,7.75,7.83,10.0,8.35,0.76
Arabica,Costa Rica,250,1.360776,340.194,Washed,7.92,8.08,8.0,10.0,8.5,0.82
Arabica,Costa Rica,250,1.360776,340.194,Washed,8.0,7.58,8.08,10.0,8.41,0.79
Arabica,Kenya,20,60.0,1200.0,Washed,7.83,8.08,7.92,10.0,8.46,0.8
Arabica,Kenya,300,60.0,18000.0,Washed,8.0,7.92,7.83,10.0,8.44,0.79
Arabica,Colombia,275,70.0,19250.0,Washed,8.17,7.92,7.58,10.0,8.42,0.77
Arabica,Colombia,250,70.0,17500.0,Natural,7.58,8.08,8.0,10.0,8.41,0.79
Arabica,Indonesia,54,60.0,3240.0,Semi-Washed,7.75,7.83,8.08,10.0,8.41,0.79
Arabica,Guatemala,250,1.0,250.0,Washed,8.25,8.0,7.75,10.0,8.5,0.8
Arabica,Colombia,250,70.0,17500.0,Natural,8.17,7.83,8.0,10.0,8.5,0.81
Arabica,Ethiopia,100,60.0,6000.0,Natural,8.42,8.0,7.92,9.33,8.42,0.79
Arabica,United States (Hawaii),12,45.3592,544.3104000000001,Natural,7.58,7.83,7.83,10.0,8.31,0.75
Arabica,Colombia,250,70.0,17500.0,Natural,7.83,8.0,7.83,10.0,8.41,0.78
Arabica,Uganda,200,60.0,12000.0,Washed,8.17,7.92,7.67,10.0,8.44,0.78
Arabica,Colombia,135,70.0,9450.0,Washed,8.0,7.92,7.75,10.0,8.42,0.78
Arabica,Costa Rica,36,46.0,1656.0,Washed,7.83,8.0,7.92,10.0,8.44,0.8
Arabica,Mexico,1,30.0,30.0,Washed,7.83,8.0,7.67,10.0,8.38,0.77
Arabica,Kenya,170,60.0,10200.0,Washed,8.17,7.83,7.67,10.0,8.42,0.77
Arabica,Kenya,38,60.0,2280.0,Washed,7.75,7.83,8.0,10.0,8.39,0.78
Arabica,Brazil,31,60.0,1860.0,Natural,8.0,8.0,7.67,10.0,8.42,0.78
Arabica,Colombia,243,70.0,17010.0,Washed,7.92,7.92,7.92,10.0,8.44,0.79
Arabica,Colombia,252,70.0,17640.0,Washed,7.92,7.83,7.75,10.0,8.38,0.77
Arabica,Taiwan,20,40.0,800.0,Semi-Washed,7.67,7.83,8.0,10.0,8.38,0.78
Arabica,"Tanzania, United Republic Of",134,60.0,8040.0,Washed,8.0,7.83,7.75,10.0,8.39,0.77
Arabica,Colombia,50,70.0,3500.0,Washed,7.75,7.92,7.75,10.0,8.36,0.76
Arabica,Mexico,25,1.0,25.0,Semi-Washed,7.75,8.0,7.5,10.0,8.31,0.74
Arabica,Brazil,4,60.0,240.0,Natural,8.0,7.92,8.0,10.0,8.48,0.81
Arabica,Brazil,10,60.0,600.0,Natural,8.0,8.0,7.5,10.0,8.38,0.76
Arabica,Taiwan,10,20.0,200.0,Natural,7.92,7.58,7.83,10.0,8.33,0.75
Arabica,Uganda,1,60.0,60.0,Natural,7.75,7.92,8.25,10.0,8.48,0.82
Arabica,United States (Hawaii),14,45.3592,635.0288,Natural,7.67,7.75,7.83,10.0,8.31,0.75
Arabica,Thailand,50,50.0,2500.0,Pulped-Natural,7.75,7.75,8.0,10.0,8.38,0.78
Arabica,Kenya,150,60.0,9000.0,Washed,7.92,7.83,7.75,10.0,8.38,0.77
Arabica,Honduras,275,1.0,275.0,Washed,7.83,7.75,7.67,10.0,8.31,0.74
Arabica,El Salvador,150,69.0,10350.0,Washed,7.83,7.83,7.83,10.0,8.37,0.77
Arabica,Indonesia,2,1.0,2.0,Washed,7.92,7.83,7.75,10.0,8.38,0.77
Arabica,Japan,20,1.0,20.0,Pulped-Natural,7.75,7.75,8.08,10.0,8.39,0.79
Arabica,Costa Rica,15,69.0,1035.0,Washed,8.08,7.75,7.5,10.0,8.33,0.74
Arabica,Guatemala,120,34.0,4080.0,Washed,7.75,7.83,7.92,10.0,8.38,0.77
Arabica,Costa Rica,50,0.453592,22.6796,Washed,8.17,8.0,7.83,10.0,8.5,0.81
Arabica,Ethiopia,250,30.0,7500.0,Washed,8.08,7.83,7.58,10.0,8.37,0.76
Arabica,Costa Rica,20,69.0,1380.0,Other,7.67,7.58,7.67,10.0,8.23,0.72
Arabica,Costa Rica,275,1.0,275.0,Washed,8.0,7.58,7.75,10.0,8.33,0.75
Arabica,Costa Rica,1,2.0,2.0,Washed,8.08,7.83,7.92,10.0,8.46,0.8
Arabica,Taiwan,10,30.0,300.0,Washed,8.0,7.92,7.75,10.0,8.42,0.78
Arabica,Colombia,250,70.0,17500.0,Washed,7.75,7.83,7.75,10.0,8.33,0.75
Arabica,Kenya,235,60.0,14100.0,Washed,7.75,7.92,7.58,10.0,8.31,0.74
Arabica,Guatemala,250,1.0,250.0,Washed,8.0,7.83,7.67,10.0,8.38,0.76
Arabica,Guatemala,125,1.0,125.0,Washed,7.67,7.83,7.67,10.0,8.29,0.74
Arabica,Mexico,80,1.0,80.0,Washed,7.83,7.58,7.92,10.0,8.33,0.76
Arabica,Uganda,320,60.0,19200.0,Washed,7.92,7.83,7.67,10.0,8.36,0.76
Arabica,Kenya,66,60.0,3960.0,Washed,7.92,7.75,7.58,10.0,8.31,0.74
Arabica,Colombia,250,70.0,17500.0,Washed,7.83,7.67,7.67,10.0,8.29,0.74
Arabica,Colombia,125,70.0,8750.0,Washed,7.92,7.83,7.83,10.0,8.39,0.78
Arabica,Kenya,100,60.0,6000.0,Washed,7.83,7.83,7.58,10.0,8.31,0.74
Arabica,Guatemala,250,69.0,17250.0,Washed,7.75,7.83,7.75,10.0,8.33,0.75
Arabica,Guatemala,250,69.0,17250.0,Washed,8.0,7.92,7.58,10.0,8.38,0.76
Arabica,Colombia,250,70.0,17500.0,Washed,7.67,7.67,7.58,10.0,8.23,0.71
Arabica,Colombia,75,70.0,5250.0,Washed,7.75,7.75,7.58,10.0,8.27,0.73
Arabica,Colombia,250,70.0,17500.0,Washed,7.67,7.83,7.58,10.0,8.27,0.73
Arabica,Costa Rica,1,1.0,1.0,Semi-Washed,7.75,7.83,7.83,10.0,8.35,0.76
Arabica,Colombia,250,70.0,17500.0,Washed,7.42,7.67,8.08,10.0,8.29,0.76
Arabica,Brazil,37,60.0,2220.0,Semi-Washed,8.0,8.0,7.58,10.0,8.39,0.77
Arabica,Brazil,35,60.0,2100.0,Semi-Washed,8.5,8.0,7.5,10.0,8.5,0.79
Arabica,China,3,60.0,180.0,Washed,7.75,7.92,7.75,10.0,8.36,0.76
Arabica,Costa Rica,250,0.453592,113.398,Washed,7.92,7.83,7.58,10.0,8.33,0.75
Arabica,Colombia,275,2.0,550.0,Washed,8.08,7.67,7.67,10.0,8.36,0.75
Arabica,China,1,2.0,2.0,Washed,7.67,8.0,7.75,10.0,8.36,0.76
Arabica,Guatemala,250,69.0,17250.0,Washed,8.17,7.83,7.67,10.0,8.42,0.77
Arabica,Kenya,235,60.0,14100.0,Washed,7.92,7.83,7.67,10.0,8.36,0.76
Arabica,Mexico,56,1.0,56.0,Washed,8.0,7.92,7.5,10.0,8.36,0.75
Arabica,Mexico,250,1.0,250.0,Washed,7.92,7.83,7.75,10.0,8.38,0.77
Arabica,Guatemala,250,69.0,17250.0,Washed,7.67,8.0,7.5,10.0,8.29,0.74
Arabica,Costa Rica,275,69.0,18975.0,Washed,7.58,7.83,7.67,10.0,8.27,0.73
Arabica,Indonesia,200,30.0,6000.0,Other,7.67,7.67,7.83,10.0,8.29,0.74
Arabica,Colombia,304,35.0,10640.0,Natural,7.92,7.83,7.92,10.0,8.42,0.79
Arabica,Colombia,275,70.0,19250.0,Washed,7.92,7.75,7.67,10.0,8.34,0.75
Arabica,Taiwan,2,2.0,4.0,Washed,7.83,7.83,7.5,10.0,8.29,0.73
Arabica,United States (Hawaii),5,45.3592,226.796,Natural,7.92,7.92,7.5,10.0,8.34,0.75
Arabica,Mexico,69,1.0,69.0,Washed,7.75,7.92,7.83,10.0,8.38,0.77
Arabica,Kenya,150,60.0,9000.0,Washed,7.33,7.58,7.75,10.0,8.16,0.7
Arabica,Colombia,275,70.0,19250.0,Washed,7.58,7.75,7.67,10.0,8.25,0.73
Arabica,Honduras,275,69.0,18975.0,Washed,7.58,7.92,7.92,10.0,8.36,0.77
Arabica,Colombia,250,70.0,17500.0,Natural,7.75,7.67,8.08,10.0,8.38,0.78
Arabica,Colombia,275,70.0,19250.0,Washed,7.75,7.58,7.58,10.0,8.23,0.71
Arabica,Mexico,100,80.0,8000.0,Washed,8.0,7.75,7.5,10.0,8.31,0.74
Arabica,Taiwan,10,5.0,50.0,Washed,7.92,7.75,7.67,10.0,8.34,0.75
Arabica,Thailand,20,25.0,500.0,Natural,7.83,7.75,7.83,10.0,8.35,0.76
Arabica,Colombia,275,70.0,19250.0,Natural,7.83,7.58,7.67,10.0,8.27,0.73
Arabica,Guatemala,230,69.0,15870.0,Washed,7.75,7.75,7.75,10.0,8.31,0.75
Arabica,Guatemala,275,69.0,18975.0,Washed,7.75,7.92,7.58,10.0,8.31,0.74
Arabica,China,3,60.0,180.0,Natural,7.83,7.83,7.75,10.0,8.35,0.76
Arabica,Colombia,275,70.0,19250.0,Washed,7.67,7.67,7.67,10.0,8.25,0.73
Arabica,Colombia,248,70.0,17360.0,Washed,7.83,7.67,7.92,10.0,8.36,0.77
Arabica,Colombia,275,2.0,550.0,Washed,7.83,7.75,7.67,10.0,8.31,0.74
Arabica,Colombia,250,70.0,17500.0,Natural,7.42,7.67,7.92,10.0,8.25,0.74
Arabica,"Tanzania, United Republic Of",10,60.0,600.0,Washed,7.83,7.67,7.67,10.0,8.29,0.74
Arabica,"Tanzania, United Republic Of",65,60.0,3900.0,Washed,7.83,7.75,7.67,10.0,8.31,0.74
Arabica,Guatemala,250,69.0,17250.0,Other,7.83,7.83,7.58,10.0,8.31,0.74
Arabica,Colombia,250,70.0,17500.0,Washed,7.58,7.5,7.92,10.0,8.25,0.73
Arabica,United States (Hawaii),7,45.3592,317.5144,Natural,7.33,7.92,7.92,10.0,8.29,0.75
Arabica,Mexico,10,1.0,10.0,Semi-Washed,7.83,7.92,7.5,10.0,8.31,0.74
Arabica,Mexico,20,1.0,20.0,Washed,7.83,7.83,7.83,10.0,8.37,0.77
Arabica,Mexico,250,1.0,250.0,Washed,7.83,7.92,7.5,10.0,8.31,0.74
Arabica,Uganda,1,60.0,60.0,Natural,8.17,7.75,7.83,10.0,8.44,0.79
Arabica,Guatemala,50,69.0,3450.0,Washed,7.75,7.83,7.67,10.0,8.31,0.75
Arabica,Colombia,250,70.0,17500.0,Washed,7.83,7.75,7.75,10.0,8.33,0.75
Arabica,Costa Rica,150,69.0,10350.0,Washed,7.92,7.75,7.5,10.0,8.29,0.73
Arabica,Guatemala,275,69.0,18975.0,Washed,7.75,7.75,7.67,10.0,8.29,0.74
Arabica,Guatemala,377,69.0,26013.0,Washed,7.75,7.92,7.67,10.0,8.34,0.75
Arabica,Guatemala,130,69.0,8970.0,Washed,7.58,7.83,7.83,10.0,8.31,0.75
Arabica,Colombia,275,70.0,19250.0,Washed,8.0,7.5,8.0,10.0,8.38,0.77
Arabica,Nicaragua,275,2.0,550.0,Natural,7.67,7.83,7.67,10.0,8.29,0.74
Arabica,Brazil,305,59.0,17995.0,Natural,7.67,7.75,7.83,10.0,8.31,0.75
Arabica,Costa Rica,320,69.0,22080.0,Washed,7.67,7.75,7.5,10.0,8.23,0.71
Arabica,Ethiopia,320,60.0,19200.0,Natural,7.5,7.92,7.75,10.0,8.29,0.75
Arabica,"Tanzania, United Republic Of",10,60.0,600.0,Washed,7.92,7.75,7.75,10.0,8.36,0.76
Arabica,Colombia,250,1.0,250.0,Washed,7.67,7.5,7.83,10.0,8.25,0.73
Arabica,Guatemala,275,2.26796,623.689,Washed,7.67,7.75,7.75,10.0,8.29,0.74
Arabica,Brazil,1,2.0,2.0,Natural,7.58,7.83,7.67,10.0,8.27,0.73
Arabica,Guatemala,250,69.0,17250.0,Washed,7.92,7.75,7.83,10.0,8.38,0.77
Arabica,El Salvador,275,2.0,550.0,Natural,8.42,8.08,7.58,9.33,8.35,0.76
Arabica,Colombia,250,70.0,17500.0,Washed,7.75,7.75,7.83,10.0,8.33,0.76
Arabica,Guatemala,275,1.0,275.0,Natural,7.83,7.5,7.83,10.0,8.29,0.74
Arabica,Uganda,320,60.0,19200.0,Washed,7.83,7.75,7.83,10.0,8.35,0.76
Arabica,Indonesia,2,2.0,4.0,Natural,7.81,7.88,7.63,10.0,8.33,0.75
Arabica,Colombia,275,70.0,19250.0,Washed,7.83,7.5,7.83,10.0,8.29,0.74
Arabica,Taiwan,10,20.0,200.0,Washed,7.58,7.67,7.75,10.0,8.25,0.73
Arabica,Guatemala,50,69.0,3450.0,Washed,8.0,7.75,7.92,10.0,8.42,0.78
Arabica,Colombia,200,70.0,14000.0,Washed,7.92,7.75,7.67,10.0,8.34,0.75
Arabica,Guatemala,1,2.0,2.0,Washed,7.58,7.75,7.75,10.0,8.27,0.74
Arabica,United States (Hawaii),14,45.3592,635.0288,Natural,7.83,7.75,7.42,9.33,8.08,0.67
Arabica,Mexico,300,1.0,300.0,Washed,7.67,7.75,7.67,10.0,8.27,0.73
Arabica,Ethiopia,100,60.0,6000.0,Natural,7.92,7.92,7.92,10.0,8.44,0.79
Arabica,Costa Rica,275,68.0388,18710.67,Washed,7.58,7.75,7.83,10.0,8.29,0.74
Arabica,Ethiopia,320,60.0,19200.0,Natural,7.83,7.75,7.33,10.0,8.23,0.7
Arabica,Honduras,275,66.0,18150.0,Washed,7.42,7.83,7.75,10.0,8.25,0.73
Arabica,Guatemala,275,69.0,18975.0,Washed,7.67,7.83,7.75,10.0,8.31,0.75
Arabica,Colombia,250,1.0,250.0,Washed,7.67,7.67,7.58,10.0,8.23,0.71
Arabica,Guatemala,250,69.0,17250.0,Natural,7.92,7.67,7.75,10.0,8.34,0.75
Arabica,Guatemala,250,69.0,17250.0,Other,7.75,7.83,7.58,10.0,8.29,0.73
Arabica,Colombia,250,1.0,250.0,Washed,7.67,7.75,7.67,10.0,8.27,0.73
Arabica,Colombia,250,70.0,17500.0,Natural,7.58,7.42,7.75,10.0,8.19,0.71
Arabica,Colombia,138,70.0,9660.0,Washed,7.67,7.67,7.67,10.0,8.25,0.73
Arabica,Ethiopia,50,60.0,3000.0,Natural,7.75,7.75,7.67,10.0,8.29,0.74
Arabica,Brazil,320,60.0,19200.0,Natural,7.58,7.83,8.0,10.0,8.35,0.77
Arabica,Colombia,270,70.0,18900.0,Washed,7.67,7.83,7.67,10.0,8.29,0.74
Arabica,Kenya,300,60.0,18000.0,Washed,7.67,7.83,7.92,10.0,8.36,0.77
Arabica,Thailand,2,1.0,2.0,Washed,7.92,8.17,8.08,8.67,8.21,0.75
Arabica,Uganda,320,60.0,19200.0,Washed,7.92,7.75,7.67,10.0,8.34,0.75
Arabica,Brazil,320,60.0,19200.0,Natural,7.5,7.75,7.58,10.0,8.21,0.71
Arabica,Mexico,200,69.0,13800.0,Washed,7.83,7.83,7.42,10.0,8.27,0.72
Arabica,Thailand,45,40.0,1800.0,Natural,7.67,7.75,7.67,10.0,8.27,0.73
Arabica,Brazil,320,60.0,19200.0,Natural,7.58,7.67,7.58,10.0,8.21,0.71
Arabica,Taiwan,20,50.0,1000.0,Washed,7.83,7.75,7.83,9.33,8.19,0.72
Arabica,Taiwan,1,2.0,2.0,Natural,7.75,7.75,7.75,10.0,8.31,0.75
Arabica,Colombia,275,2.0,550.0,Washed,7.92,7.67,7.58,10.0,8.29,0.73
Arabica,Colombia,275,2.0,550.0,Washed,7.83,7.75,7.75,10.0,8.33,0.75
Arabica,Colombia,275,70.0,19250.0,Washed,7.75,7.58,7.83,10.0,8.29,0.74
Arabica,Taiwan,10,60.0,600.0,Washed,8.0,7.92,7.67,10.0,8.4,0.77
Arabica,Colombia,250,70.0,17500.0,Natural,7.67,7.83,7.67,10.0,8.29,0.74
Arabica,Mexico,48,1.0,48.0,Washed,7.67,7.75,7.75,10.0,8.29,0.74
Arabica,Mexico,250,1.0,250.0,Washed,7.5,7.67,7.75,10.0,8.23,0.72
Arabica,Mexico,20,1.0,20.0,Washed,7.75,7.92,7.75,9.33,8.19,0.72
Arabica,Colombia,275,70.0,19250.0,Washed,7.92,7.58,7.58,10.0,8.27,0.72
Arabica,Costa Rica,275,69.0,18975.0,Washed,7.67,7.67,7.5,10.0,8.21,0.71
Arabica,Guatemala,100,69.0,6900.0,Washed,7.75,7.75,7.83,10.0,8.33,0.76
Arabica,Brazil,320,2.0,640.0,Natural,7.25,7.58,7.75,10.0,8.14,0.7
Arabica,Taiwan,8,18.0,144.0,Washed,7.67,7.75,7.42,10.0,8.21,0.7
Arabica,Ethiopia,320,60.0,19200.0,Natural,7.75,7.75,7.58,10.0,8.27,0.73
Arabica,Brazil,300,2.0,600.0,Semi-Washed,7.67,7.67,7.83,10.0,8.29,0.74
Arabica,Costa Rica,250,1.0,250.0,Washed,7.83,7.42,7.75,10.0,8.25,0.72
Arabica,Guatemala,250,69.0,17250.0,Washed,7.58,7.83,7.58,10.0,8.25,0.72
Arabica,Brazil,320,60.0,19200.0,Natural,7.92,7.5,8.17,10.0,8.4,0.78
Arabica,Ecuador,1,2.26796,2.26796,Natural,7.5,7.67,7.83,10.0,8.25,0.73
Arabica,Colombia,250,70.0,17500.0,Washed,7.67,7.58,7.58,10.0,8.21,0.71
Arabica,Guatemala,250,69.0,17250.0,Washed,7.5,7.83,7.83,10.0,8.29,0.75
Arabica,Mexico,20,1.0,20.0,Natural,7.67,8.0,7.67,10.0,8.34,0.76
Arabica,Mexico,250,1.0,250.0,Natural,7.67,7.58,7.75,10.0,8.25,0.73
Arabica,Brazil,300,1.0,300.0,Semi-Washed,7.83,7.83,7.5,10.0,8.29,0.73
Arabica,Kenya,200,60.0,12000.0,Washed,7.75,7.58,7.75,10.0,8.27,0.73
Arabica,Brazil,320,60.0,19200.0,Natural,7.67,7.67,7.67,10.0,8.25,0.73
Arabica,Colombia,275,70.0,19250.0,Washed,7.83,7.83,7.58,10.0,8.31,0.74
Arabica,Taiwan,10,10.0,100.0,Natural,7.67,7.67,7.67,10.0,8.25,0.73
Arabica,Colombia,275,70.0,19250.0,Washed,7.92,7.75,7.75,10.0,8.36,0.76
Arabica,China,3,60.0,180.0,Washed,7.83,7.75,7.58,10.0,8.29,0.73
Arabica,Colombia,250,70.0,17500.0,Natural,7.75,7.67,7.58,10.0,8.25,0.72
Arabica,Uganda,320,60.0,19200.0,Natural,8.0,7.92,7.33,10.0,8.31,0.73
Arabica,United States (Puerto Rico),18,2.26796,40.82328,Washed,7.83,7.83,8.0,9.33,8.25,0.75
Arabica,Colombia,100,70.0,7000.0,Washed,7.67,7.67,7.5,10.0,8.21,0.71
Arabica,Colombia,250,70.0,17500.0,Washed,7.67,7.42,8.0,10.0,8.27,0.74
Arabica,Colombia,250,70.0,17500.0,Washed,7.58,7.67,7.67,10.0,8.23,0.72
Arabica,Colombia,275,70.0,19250.0,Washed,7.75,7.67,7.42,10.0,8.21,0.7
Arabica,United States (Hawaii),12,45.3592,544.3104000000001,Natural,7.25,7.42,7.83,10.0,8.12,0.69
Arabica,Mexico,10,1.0,10.0,Natural,7.83,7.58,7.75,10.0,8.29,0.74
Arabica,Guatemala,250,1.360776,340.194,Washed,7.67,7.58,7.75,10.0,8.25,0.73
Arabica,Brazil,320,60.0,19200.0,Natural,7.67,7.83,7.67,10.0,8.29,0.74
Arabica,Kenya,200,60.0,12000.0,Washed,8.08,7.67,7.25,10.0,8.25,0.7
Arabica,Honduras,285,69.0,19665.0,Washed,7.5,7.5,8.0,10.0,8.25,0.74
Arabica,Nicaragua,275,69.0,18975.0,Washed,7.67,7.75,7.83,10.0,8.31,0.75
Arabica,Brazil,320,60.0,19200.0,Natural,7.58,7.75,7.58,10.0,8.23,0.72
Arabica,Taiwan,20,50.0,1000.0,Natural,7.5,7.67,7.83,10.0,8.25,0.73
Arabica,Thailand,1,1.0,1.0,Washed,7.5,7.75,7.67,10.0,8.23,0.72
Arabica,Colombia,100,0.907184,90.7184,Washed,7.5,7.75,7.67,10.0,8.23,0.72
Arabica,Guatemala,275,69.0,18975.0,Washed,8.0,7.5,8.0,9.33,8.21,0.73
Arabica,Colombia,250,70.0,17500.0,Washed,7.83,7.75,7.58,10.0,8.29,0.73
Arabica,Colombia,250,70.0,17500.0,Washed,7.67,7.67,7.33,10.0,8.17,0.69
Arabica,Guatemala,250,69.0,17250.0,Washed,7.67,7.67,8.0,10.0,8.34,0.76
Arabica,Guatemala,250,69.0,17250.0,Washed,7.83,7.67,7.67,10.0,8.29,0.74
Arabica,Colombia,250,70.0,17500.0,Washed,7.75,7.75,7.17,10.0,8.17,0.68
Arabica,Guatemala,250,1.0,250.0,Natural,8.17,8.17,8.08,9.33,8.44,0.81
Arabica,Guatemala,250,1.0,250.0,Washed,7.67,8.17,7.58,10.0,8.36,0.76
Arabica,Mexico,48,1.0,48.0,Washed,7.67,7.5,7.83,10.0,8.25,0.73
Arabica,Indonesia,10,60.0,600.0,Washed,8.17,7.67,7.42,10.0,8.31,0.73
Arabica,Guatemala,250,69.0,17250.0,Washed,7.67,7.5,7.67,10.0,8.21,0.71
Arabica,Brazil,320,60.0,19200.0,Natural,7.58,7.67,7.67,10.0,8.23,0.72
Arabica,Guatemala,275,69.0,18975.0,Washed,7.75,7.75,7.58,10.0,8.27,0.73
Arabica,Colombia,275,70.0,19250.0,Washed,7.75,7.75,7.67,10.0,8.29,0.74
Arabica,China,3,60.0,180.0,Washed,7.67,7.58,7.67,10.0,8.23,0.72
Arabica,Colombia,275,70.0,19250.0,Washed,7.67,7.75,7.75,10.0,8.29,0.74
Arabica,Mexico,275,2.0,550.0,Washed,7.75,7.75,7.5,10.0,8.25,0.72
Arabica,Ethiopia,250,60.0,15000.0,Washed,7.75,7.67,7.5,10.0,8.23,0.71
Arabica,Uganda,100,60.0,6000.0,Washed,7.67,7.67,7.75,10.0,8.27,0.73
Arabica,Colombia,250,70.0,17500.0,Natural,7.67,7.58,7.67,10.0,8.23,0.72
Arabica,Colombia,250,70.0,17500.0,Washed,7.67,7.58,7.67,10.0,8.23,0.72
Arabica,Colombia,250,70.0,17500.0,Washed,7.75,7.58,7.75,10.0,8.27,0.73
Arabica,Taiwan,10,30.0,300.0,Other,7.75,7.75,7.5,10.0,8.25,0.72
Arabica,Colombia,275,70.0,19250.0,Washed,7.67,7.67,7.75,10.0,8.27,0.73
Arabica,Mexico,250,1.0,250.0,Washed,7.83,7.67,7.67,10.0,8.29,0.74
Arabica,Brazil,33,60.0,1980.0,Semi-Washed,7.83,7.75,7.5,10.0,8.27,0.72
Arabica,Colombia,50,70.0,3500.0,Washed,7.75,7.58,7.75,10.0,8.27,0.73
Arabica,Costa Rica,245,69.0,16905.0,Washed,7.92,7.42,7.5,10.0,8.21,0.7
Arabica,Colombia,250,70.0,17500.0,Natural,7.75,7.58,7.75,10.0,8.27,0.73
Arabica,Guatemala,250,69.0,17250.0,Washed,7.67,7.75,7.58,10.0,8.25,0.72
Arabica,Colombia,180,70.0,12600.0,Washed,7.58,7.58,7.75,10.0,8.23,0.72
Arabica,"Tanzania, United Republic Of",5,60.0,300.0,Washed,7.75,7.67,7.67,10.0,8.27,0.73
Arabica,Indonesia,200,30.0,6000.0,Semi-Washed,7.25,7.67,7.83,10.0,8.19,0.72
Arabica,Ethiopia,320,60.0,19200.0,Natural,7.67,7.75,7.75,10.0,8.29,0.74
Arabica,Colombia,275,2.0,550.0,Washed,7.67,7.42,7.58,10.0,8.17,0.69
Arabica,Colombia,275,70.0,19250.0,Washed,8.0,7.58,7.92,10.0,8.38,0.77
Arabica,Guatemala,250,1.0,250.0,Washed,7.58,7.75,7.42,10.0,8.19,0.7
Arabica,Colombia,250,70.0,17500.0,Washed,7.75,7.58,7.83,10.0,8.29,0.74
Arabica,Honduras,275,1.0,275.0,Natural,7.67,7.5,7.67,10.0,8.21,0.71
Arabica,Colombia,250,70.0,17500.0,Washed,7.58,7.75,7.75,10.0,8.27,0.74
Arabica,Colombia,250,70.0,17500.0,Washed,7.58,7.67,7.58,10.0,8.21,0.71
Arabica,Mexico,10,1.0,10.0,Natural,7.83,7.58,7.5,10.0,8.23,0.71
Arabica,Mexico,10,1.0,10.0,Semi-Washed,7.67,7.75,7.58,10.0,8.25,0.72
Arabica,Mexico,15,1.0,15.0,Washed,7.75,7.67,7.33,10.0,8.19,0.69
Arabica,Guatemala,275,69.0,18975.0,Washed,7.83,7.5,7.67,10.0,8.25,0.72
Arabica,Colombia,175,70.0,12250.0,Washed,7.67,7.58,7.67,10.0,8.23,0.72
Arabica,Guatemala,250,2.0,500.0,Washed,7.5,7.5,8.0,10.0,8.25,0.74
Arabica,Colombia,300,29.0,8700.0,Washed,7.5,7.58,7.75,10.0,8.21,0.71
Arabica,Guatemala,50,69.0,3450.0,Washed,7.67,7.75,7.58,10.0,8.25,0.72
Arabica,Colombia,600,29.0,17400.0,Washed,7.67,7.67,7.67,10.0,8.25,0.73
Arabica,Costa Rica,275,69.0,18975.0,Washed,7.58,7.5,7.5,10.0,8.14,0.68
Arabica,Thailand,500,25.0,12500.0,Washed,7.5,7.58,7.75,10.0,8.21,0.71
Arabica,El Salvador,275,69.0,18975.0,Washed,7.58,7.5,7.75,10.0,8.21,0.71
Arabica,Colombia,275,70.0,19250.0,Natural,7.58,7.67,7.58,10.0,8.21,0.71
Arabica,Brazil,300,60.0,18000.0,Semi-Washed,7.33,7.83,7.42,10.0,8.14,0.69
Arabica,"Tanzania, United Republic Of",39,60.0,2340.0,Washed,7.75,7.67,7.58,10.0,8.25,0.72
Arabica,Colombia,250,70.0,17500.0,Washed,7.58,7.58,7.75,9.33,8.06,0.68
Arabica,Guatemala,250,69.0,17250.0,Natural,7.75,7.83,7.5,10.0,8.27,0.73
Arabica,Guatemala,250,69.0,17250.0,Washed,7.67,7.5,7.75,10.0,8.23,0.72
Arabica,United States (Hawaii),13,45.3592,589.6696000000001,Natural,7.42,7.75,7.67,10.0,8.21,0.72
Arabica,Colombia,250,70.0,17500.0,Washed,7.5,7.75,7.67,10.0,8.23,0.72
Arabica,Colombia,275,70.0,19250.0,Washed,7.75,7.5,7.58,10.0,8.21,0.7
Arabica,Colombia,130,70.0,9100.0,Washed,7.67,7.58,7.67,10.0,8.23,0.72
Arabica,Colombia,275,70.0,19250.0,Washed,7.83,7.58,7.5,10.0,8.23,0.71
Arabica,Brazil,10,2.0,20.0,Semi-Washed,7.5,7.83,7.58,10.0,8.23,0.72
Arabica,Mexico,275,1.0,275.0,Washed,7.75,7.75,7.5,10.0,8.25,0.72
Arabica,Colombia,275,70.0,19250.0,Washed,7.67,7.75,7.83,10.0,8.31,0.75
Arabica,"Tanzania, United Republic Of",10,60.0,600.0,Semi-Washed,7.75,7.58,7.58,10.0,8.23,0.71
Arabica,Mexico,200,1.0,200.0,Washed,7.67,7.67,7.5,10.0,8.21,0.71
Arabica,Costa Rica,250,1.360776,340.194,Washed,7.67,7.67,7.67,10.0,8.25,0.73
Arabica,United States (Hawaii),12,45.3592,544.3104000000001,Natural,7.83,7.58,7.92,9.33,8.16,0.71
Arabica,Costa Rica,250,1.0,250.0,Washed,7.5,7.67,7.83,10.0,8.25,0.73
Arabica,Peru,280,2.26796,635.0288,Washed,7.83,7.75,7.92,9.33,8.21,0.73
Arabica,Haiti,2,1.814368,3.628736,Washed,7.58,7.5,7.83,10.0,8.23,0.72
Arabica,Colombia,250,70.0,17500.0,Natural,7.67,7.67,7.92,10.0,8.31,0.75
Arabica,United States (Hawaii),7,45.3592,317.5144,Natural,7.92,7.5,7.67,9.33,8.11,0.69
Arabica,Burundi,220,60.0,13200.0,Washed,7.75,7.67,7.5,10.0,8.23,0.71
Arabica,Colombia,250,70.0,17500.0,Washed,7.5,7.67,7.67,10.0,8.21,0.71
Arabica,Mexico,50,50.0,2500.0,Washed,7.67,7.83,7.33,10.0,8.21,0.7
Arabica,Costa Rica,29,46.0,1334.0,Pulped-Natural,7.5,7.5,7.67,10.0,8.17,0.7
Arabica,Costa Rica,275,69.0,18975.0,Washed,7.83,7.5,7.5,10.0,8.21,0.7
Arabica,Guatemala,275,0.0,0.0,Washed,7.5,7.58,7.67,10.0,8.19,0.71
Arabica,Colombia,304,35.0,10640.0,Natural,7.58,7.67,7.75,10.0,8.25,0.73
Arabica,Mexico,11,2.0,22.0,Natural,7.83,7.75,7.58,10.0,8.29,0.73
Arabica,Taiwan,10,15.0,150.0,Washed,7.67,7.5,7.67,10.0,8.21,0.71
Arabica,Taiwan,10,60.0,600.0,Washed,7.92,7.83,7.5,10.0,8.31,0.74
Arabica,Colombia,250,70.0,17500.0,Natural,7.58,7.58,7.58,10.0,8.19,0.7
Arabica,Guatemala,26,69.0,1794.0,Washed,7.5,7.67,7.67,10.0,8.21,0.71
Arabica,Colombia,275,70.0,19250.0,Washed,7.83,7.5,7.67,10.0,8.25,0.72
Arabica,Mexico,200,1.0,200.0,Washed,7.58,7.75,7.58,10.0,8.23,0.72
Arabica,United States (Hawaii),11,45.3592,498.95120000000003,Natural,7.58,7.75,8.08,9.33,8.19,0.73
Arabica,Mexico,10,1.0,10.0,Washed,7.75,7.58,7.5,10.0,8.21,0.7
Arabica,Mexico,54,1.0,54.0,Washed,7.75,7.75,7.33,10.0,8.21,0.7
Arabica,Guatemala,250,1.0,250.0,Washed,7.83,7.58,7.42,10.0,8.21,0.7
Arabica,Brazil,30,60.0,1800.0,Semi-Washed,7.75,7.67,7.58,10.0,8.25,0.72
Arabica,Colombia,250,70.0,17500.0,Washed,7.67,7.58,7.83,10.0,8.27,0.74
Arabica,Colombia,175,70.0,12250.0,Washed,7.67,7.67,7.58,10.0,8.23,0.71
Arabica,Brazil,320,60.0,19200.0,Natural,7.67,7.42,7.67,10.0,8.19,0.7
Arabica,Guatemala,275,69.0,18975.0,Washed,7.58,7.58,7.75,10.0,8.23,0.72
Arabica,"Tanzania, United Republic Of",320,60.0,19200.0,Washed,7.67,7.58,7.67,10.0,8.23,0.72
Arabica,Vietnam,1,2.0,2.0,Natural,7.58,7.42,7.58,10.0,8.14,0.69
Arabica,Honduras,275,69.0,18975.0,Washed,7.67,7.67,7.5,10.0,8.21,0.71
Arabica,China,3,60.0,180.0,Washed,7.5,7.67,7.67,10.0,8.21,0.71
Arabica,China,3,60.0,180.0,Washed,7.67,7.67,7.42,10.0,8.19,0.7
Arabica,El Salvador,275,69.0,18975.0,Washed,7.5,7.5,8.0,10.0,8.25,0.74
Arabica,Guatemala,150,69.0,10350.0,Washed,7.5,7.75,7.58,10.0,8.21,0.71
Arabica,Guatemala,100,69.0,6900.0,Washed,7.92,7.67,7.5,10.0,8.27,0.72
Arabica,Kenya,300,2.0,600.0,Washed,7.83,7.75,7.83,9.33,8.19,0.72
Arabica,Thailand,1,1.0,1.0,Washed,7.67,7.58,7.42,10.0,8.17,0.69
Arabica,"Tanzania, United Republic Of",180,60.0,10800.0,Washed,7.58,7.67,7.42,10.0,8.17,0.69
Arabica,Colombia,232,70.0,16240.0,Washed,7.58,7.5,7.5,10.0,8.14,0.68
Arabica,Uganda,84,60.0,5040.0,Washed,8.0,7.67,7.33,10.0,8.25,0.71
Arabica,Colombia,1,1.814368,1.814368,Washed,7.58,7.75,7.58,10.0,8.23,0.72
Arabica,Honduras,275,1.0,275.0,Natural,7.5,7.5,7.67,10.0,8.17,0.7
Arabica,Honduras,275,1.0,275.0,Natural,7.67,7.67,7.5,10.0,8.21,0.71
Arabica,Guatemala,200,69.0,13800.0,Washed,7.33,7.83,7.33,10.0,8.12,0.68
Arabica,United States (Hawaii),6,45.3592,272.15520000000004,Natural,7.5,7.5,7.92,10.0,8.23,0.73
Arabica,"Tanzania, United Republic Of",300,1.0,300.0,Washed,7.58,7.5,7.58,10.0,8.16,0.69
Arabica,Guatemala,250,69.0,17250.0,Washed,7.67,7.83,7.5,10.0,8.25,0.72
Arabica,Mexico,45,1.0,45.0,Washed,7.75,7.58,7.5,10.0,8.21,0.7
Arabica,Mexico,10,1.0,10.0,Washed,7.75,7.67,7.42,10.0,8.21,0.7
Arabica,Mexico,10,1.0,10.0,Washed,7.58,7.75,7.5,10.0,8.21,0.71
Arabica,Colombia,275,70.0,19250.0,Washed,7.67,7.5,7.58,10.0,8.19,0.7
Arabica,Mexico,15,1.0,15.0,Washed,7.75,7.5,7.58,10.0,8.21,0.7
Arabica,Mexico,250,1.0,250.0,Washed,7.5,7.75,7.67,10.0,8.23,0.72
Arabica,Brazil,50,60.0,3000.0,Natural,7.75,7.67,7.58,10.0,8.25,0.72
Arabica,Brazil,100,60.0,6000.0,Natural,7.92,7.58,7.42,10.0,8.23,0.71
Arabica,Guatemala,250,2.0,500.0,Washed,7.75,7.5,7.92,10.0,8.29,0.74
Arabica,Brazil,25,60.0,1500.0,Semi-Washed,7.75,7.5,7.75,10.0,8.25,0.72
Arabica,Colombia,275,70.0,19250.0,Washed,7.58,7.67,7.75,10.0,8.25,0.73
Arabica,Colombia,275,70.0,19250.0,Washed,7.75,7.5,8.0,10.0,8.31,0.75
Arabica,Brazil,320,60.0,19200.0,Pulped-Natural,7.58,7.58,7.67,10.0,8.21,0.71
Arabica,Brazil,320,2.0,640.0,Natural,7.33,7.67,7.75,10.0,8.19,0.71
Arabica,Taiwan,20,60.0,1200.0,Natural,7.83,7.92,7.67,9.33,8.19,0.72
Arabica,Brazil,300,60.0,18000.0,Natural,7.42,7.67,7.75,10.0,8.21,0.72
Arabica,Brazil,300,2.0,600.0,Washed,7.58,7.83,7.42,10.0,8.21,0.7
Arabica,Costa Rica,250,1.0,250.0,Washed,7.83,7.33,7.58,10.0,8.19,0.69
Arabica,United States (Hawaii),16,45.3592,725.7472,Natural,7.33,7.75,7.83,10.0,8.23,0.73
Arabica,Taiwan,50,30.0,1500.0,Other,7.75,7.75,7.5,10.0,8.25,0.72
Arabica,United States (Hawaii),6,45.3592,272.15520000000004,Natural,7.83,7.83,7.75,10.0,8.35,0.76
Arabica,Mexico,10,1.0,10.0,Washed,7.75,7.67,7.5,10.0,8.23,0.71
Arabica,United States (Hawaii),7,45.3592,317.5144,Natural,7.67,7.58,7.92,9.33,8.12,0.7
Arabica,United States (Hawaii),6,45.3592,272.15520000000004,Washed,7.33,7.58,7.67,10.0,8.14,0.69
Arabica,Brazil,320,60.0,19200.0,Natural,7.58,7.5,7.67,10.0,8.19,0.7
Arabica,Brazil,320,60.0,19200.0,Natural,7.5,7.58,7.58,10.0,8.16,0.7
Arabica,Brazil,320,60.0,19200.0,Natural,7.5,7.67,7.58,10.0,8.19,0.7
Arabica,Uganda,310,60.0,18600.0,Washed,7.67,7.58,7.83,10.0,8.27,0.74
Arabica,Uganda,325,60.0,19500.0,Natural,7.67,7.67,7.42,10.0,8.19,0.7
Arabica,Vietnam,2,2.0,4.0,Other,7.75,7.67,7.42,9.33,8.04,0.66
Arabica,Guatemala,275,69.0,18975.0,Washed,7.67,7.75,7.42,10.0,8.21,0.7
Arabica,Guatemala,200,69.0,13800.0,Washed,7.75,7.67,7.5,10.0,8.23,0.71
Arabica,Guatemala,250,69.0,17250.0,Washed,7.83,7.67,7.75,10.0,8.31,0.75
Arabica,Brazil,305,2.0,610.0,Natural,7.67,7.67,7.42,10.0,8.19,0.7
Arabica,Taiwan,10,60.0,600.0,Washed,7.92,7.92,7.33,10.0,8.29,0.73
Arabica,Uganda,300,60.0,18000.0,Washed,7.83,7.58,7.58,10.0,8.25,0.72
Arabica,United States (Puerto Rico),17,2.26796,38.55532,Washed,7.67,7.5,7.75,10.0,8.23,0.72
Arabica,Guatemala,26,69.0,1794.0,Washed,7.67,7.67,7.5,10.0,8.21,0.71
Arabica,Costa Rica,250,1.0,250.0,Washed,7.67,7.58,7.5,10.0,8.19,0.7
Arabica,Brazil,250,2.0,500.0,Semi-Washed,7.75,7.58,7.42,10.0,8.19,0.69
Arabica,Colombia,120,70.0,8400.0,Washed,7.75,7.42,7.58,10.0,8.19,0.7
Arabica,Colombia,250,70.0,17500.0,Washed,7.83,7.5,7.5,10.0,8.21,0.7
Arabica,Colombia,250,70.0,17500.0,Natural,7.33,7.67,7.75,10.0,8.19,0.71
Arabica,Colombia,250,70.0,17500.0,Natural,7.58,7.75,7.58,10.0,8.23,0.72
Arabica,Colombia,275,70.0,19250.0,Washed,7.5,7.5,7.75,10.0,8.19,0.71
Arabica,Mexico,15,1.0,15.0,Washed,7.67,7.58,7.67,10.0,8.23,0.72
Arabica,Mexico,20,1.0,20.0,Semi-Washed,7.67,7.83,7.58,9.33,8.1,0.69
Arabica,Mexico,250,1.0,250.0,Washed,7.5,7.67,7.58,10.0,8.19,0.7
Arabica,Colombia,250,70.0,17500.0,Natural,7.67,7.58,7.75,10.0,8.25,0.73
Arabica,Colombia,250,70.0,17500.0,Washed,7.75,7.58,7.83,9.33,8.12,0.7
Arabica,Guatemala,275,1.0,275.0,Washed,7.5,7.67,7.5,10.0,8.17,0.69
Arabica,Colombia,121,1.0,121.0,Washed,7.67,7.67,7.67,10.0,8.25,0.73
Arabica,Brazil,320,60.0,19200.0,Natural,7.67,7.58,7.58,10.0,8.21,0.71
Arabica,El Salvador,100,69.0,6900.0,Washed,7.5,7.5,7.92,10.0,8.23,0.73
Arabica,Colombia,129,70.0,9030.0,Washed,7.58,7.67,7.67,10.0,8.23,0.72
Arabica,Taiwan,10,20.0,200.0,Natural,7.17,7.83,7.67,10.0,8.17,0.71
Arabica,Ethiopia,250,60.0,15000.0,Washed,7.58,7.58,7.58,10.0,8.19,0.7
Arabica,Taiwan,11,2.0,22.0,Natural,7.5,7.58,7.5,10.0,8.14,0.69
Arabica,Philippines,250,2.0,500.0,Washed,7.58,7.58,7.5,10.0,8.16,0.69
Arabica,Philippines,4,2.0,8.0,Washed,8.08,7.5,7.33,10.0,8.23,0.7
Arabica,Mexico,11,2.0,22.0,Natural,7.83,7.67,7.5,10.0,8.25,0.72
Arabica,Mexico,275,2.0,550.0,Washed,7.75,7.67,7.75,10.0,8.29,0.74
Arabica,Brazil,300,2.0,600.0,Semi-Washed,7.08,7.5,7.75,10.0,8.08,0.68
Arabica,Uganda,1,60.0,60.0,Washed,8.0,7.5,7.33,10.0,8.21,0.69
Arabica,Uganda,1,60.0,60.0,Washed,7.75,7.58,7.5,10.0,8.21,0.7
Arabica,Guatemala,250,69.0,17250.0,Washed,7.75,7.5,7.67,10.0,8.23,0.72
Arabica,Guatemala,26,69.0,1794.0,Natural,7.67,7.83,7.33,10.0,8.21,0.7
Arabica,Guatemala,1,2.0,2.0,Washed,7.58,7.58,7.58,10.0,8.19,0.7
Arabica,Colombia,250,70.0,17500.0,Washed,7.58,7.5,7.58,10.0,8.16,0.69
Arabica,Colombia,250,70.0,17500.0,Natural,7.75,7.5,7.75,10.0,8.25,0.72
Arabica,Guatemala,250,69.0,17250.0,Washed,7.83,7.75,7.5,10.0,8.27,0.72
Arabica,Colombia,250,70.0,17500.0,Washed,7.83,7.67,7.5,10.0,8.25,0.72
Arabica,Mexico,15,1.0,15.0,Natural,7.58,7.58,7.58,10.0,8.19,0.7
Arabica,Vietnam,1,2.0,2.0,Natural,7.67,7.33,8.08,10.0,8.27,0.74
Arabica,Mexico,100,1.0,100.0,Washed,8.0,7.92,7.67,9.33,8.23,0.73
Arabica,United States (Hawaii),8,45.3592,362.8736,Washed,7.5,7.5,7.67,10.0,8.17,0.7
Arabica,Kenya,27,50.0,1350.0,Washed,7.75,7.58,7.5,10.0,8.21,0.7
Arabica,Guatemala,50,69.0,3450.0,Washed,7.5,7.58,7.58,10.0,8.16,0.7
Arabica,Brazil,320,60.0,19200.0,Pulped-Natural,7.67,7.58,7.5,10.0,8.19,0.7
Arabica,El Salvador,275,69.0,18975.0,Washed,7.33,7.67,7.33,10.0,8.08,0.66
Arabica,Rwanda,150,60.0,9000.0,Washed,7.83,7.92,7.75,9.33,8.21,0.73
Arabica,Vietnam,3,2.0,6.0,Other,7.25,7.58,7.75,10.0,8.14,0.7
Arabica,Guatemala,80,69.0,5520.0,Washed,7.58,7.58,7.67,10.0,8.21,0.71
Arabica,Brazil,300,60.0,18000.0,Natural,7.58,7.83,7.42,10.0,8.21,0.7
Arabica,Colombia,100,24.0,2400.0,Washed,7.83,7.67,7.5,10.0,8.25,0.72
Arabica,United States,300,60.0,18000.0,Other,7.42,7.58,7.75,10.0,8.19,0.71
Arabica,Guatemala,250,69.0,17250.0,Washed,7.67,7.67,7.42,10.0,8.19,0.7
Arabica,Colombia,40,1.0,40.0,Natural,7.5,7.42,7.58,10.0,8.12,0.68
Arabica,Colombia,125,70.0,8750.0,Washed,7.83,7.5,7.5,10.0,8.21,0.7
Arabica,"Tanzania, United Republic Of",300,2.0,600.0,Washed,7.67,7.5,7.58,10.0,8.19,0.7
Arabica,Mexico,250,1.0,250.0,Washed,7.58,7.67,7.5,10.0,8.19,0.7
Arabica,Mexico,250,1.0,250.0,Washed,7.67,7.58,7.42,10.0,8.17,0.69
Arabica,Guatemala,250,1.0,250.0,Washed,7.67,7.67,7.33,10.0,8.17,0.69
Arabica,Mexico,250,1.0,250.0,Washed,7.58,7.58,7.67,10.0,8.21,0.71
Arabica,Guatemala,275,69.0,18975.0,Washed,7.5,7.58,7.58,10.0,8.16,0.7
Arabica,Guatemala,275,69.0,18975.0,Washed,7.58,7.67,7.5,10.0,8.19,0.7
Arabica,Guatemala,50,69.0,3450.0,Washed,7.5,7.67,7.67,10.0,8.21,0.71
Arabica,Guatemala,50,69.0,3450.0,Washed,7.5,7.5,7.67,10.0,8.17,0.7
Arabica,Guatemala,25,69.0,1725.0,Washed,7.42,7.58,7.5,10.0,8.12,0.68
Arabica,Indonesia,2,1.0,2.0,Other,7.5,7.58,7.58,10.0,8.16,0.7
Arabica,Guatemala,25,69.0,1725.0,Washed,7.58,7.58,7.33,10.0,8.12,0.67
Arabica,Taiwan,8,10.0,80.0,Natural,7.83,7.67,7.58,9.33,8.1,0.68
Arabica,El Salvador,275,69.0,18975.0,Washed,7.67,7.67,7.58,10.0,8.23,0.71
Arabica,Costa Rica,250,69.0,17250.0,Washed,7.58,7.5,7.42,10.0,8.12,0.67
Arabica,Honduras,275,69.0,18975.0,Natural,7.58,7.5,7.5,10.0,8.14,0.68
Arabica,Brazil,320,60.0,19200.0,Pulped-Natural,7.5,7.5,7.58,10.0,8.14,0.69
Arabica,China,3,60.0,180.0,Natural,7.67,7.5,7.67,10.0,8.21,0.71
Arabica,China,3,60.0,180.0,Washed,7.5,7.67,7.5,10.0,8.17,0.69
Arabica,Colombia,250,70.0,17500.0,Washed,7.5,7.58,7.33,10.0,8.1,0.67
Arabica,Malawi,29,60.0,1740.0,Washed,7.75,7.58,7.33,10.0,8.16,0.68
Arabica,Guatemala,250,69.0,17250.0,Washed,7.75,7.42,7.5,10.0,8.17,0.69
Arabica,Colombia,275,1.0,275.0,Washed,7.67,7.42,7.33,10.0,8.11,0.66
Arabica,United States (Hawaii),10,36.28736,362.8736,Natural,7.67,7.58,7.33,10.0,8.14,0.68
Arabica,United States (Hawaii),6,45.3592,272.15520000000004,Natural,7.58,7.83,7.42,9.33,8.04,0.66
Arabica,Colombia,250,1.0,250.0,Washed,7.58,7.33,7.25,10.0,8.04,0.64
Arabica,Mexico,32,1.0,32.0,Washed,7.58,7.58,7.5,10.0,8.16,0.69
Arabica,Mexico,250,1.0,250.0,Washed,7.58,7.58,7.25,10.0,8.1,0.66
Arabica,Mexico,21,1.0,21.0,Natural,8.08,8.17,7.83,6.67,7.69,0.61
Arabica,Colombia,250,70.0,17500.0,Washed,7.5,7.58,7.5,10.0,8.14,0.69
Arabica,Colombia,100,70.0,7000.0,Washed,7.67,7.58,7.5,10.0,8.19,0.7
Arabica,United States (Hawaii),6,45.3592,272.15520000000004,Washed,7.25,7.75,7.67,9.33,8.0,0.66
Arabica,Panama,300,2.0,600.0,Washed,7.42,7.42,7.5,10.0,8.09,0.67
Arabica,Brazil,320,60.0,19200.0,Natural,7.5,7.58,7.5,10.0,8.14,0.69
Arabica,Laos,60,50.0,3000.0,Washed,7.67,7.67,7.42,10.0,8.19,0.7
Arabica,El Salvador,275,69.0,18975.0,Washed,7.67,7.67,7.5,10.0,8.21,0.71
Arabica,Colombia,1,2.0,2.0,Washed,7.75,7.5,7.33,10.0,8.14,0.68
Arabica,Brazil,320,2.0,640.0,Natural,7.58,7.5,7.5,10.0,8.14,0.68
Arabica,Brazil,300,60.0,18000.0,Natural,7.33,7.5,7.67,10.0,8.12,0.69
Arabica,"Tanzania, United Republic Of",93,60.0,5580.0,Washed,7.5,7.5,7.5,10.0,8.12,0.68
Arabica,"Tanzania, United Republic Of",77,60.0,4620.0,Washed,7.58,7.5,7.33,10.0,8.1,0.66
Arabica,Taiwan,10,60.0,600.0,Washed,8.0,7.83,7.25,10.0,8.27,0.71
Arabica,Mexico,11,1.0,11.0,Natural,7.67,7.58,7.42,10.0,8.17,0.69
Arabica,Uganda,1,60.0,60.0,Washed,7.67,7.5,7.5,10.0,8.17,0.69
Arabica,Taiwan,10,30.0,300.0,Washed,7.67,7.5,7.5,10.0,8.17,0.69
Arabica,Thailand,300,60.0,18000.0,Washed,7.42,7.5,7.58,10.0,8.12,0.68
Arabica,Colombia,250,70.0,17500.0,Washed,7.75,7.58,7.58,10.0,8.23,0.71
Arabica,El Salvador,288,1.0,288.0,Washed,7.92,8.0,7.92,10.0,8.46,0.8
Arabica,Guatemala,275,69.0,18975.0,Washed,7.67,7.67,7.5,10.0,8.21,0.71
Arabica,Thailand,2,1.0,2.0,Washed,7.83,7.33,7.58,10.0,8.19,0.69
Arabica,Mexico,36,1.0,36.0,Washed,7.58,7.58,7.42,10.0,8.14,0.68
Arabica,Mexico,23,1.0,23.0,Washed,7.5,7.58,7.42,10.0,8.12,0.68
Arabica,Guatemala,25,69.0,1725.0,Washed,7.5,7.42,7.5,10.0,8.11,0.67
Arabica,Taiwan,6,5.0,30.0,Pulped-Natural,7.67,7.42,7.58,10.0,8.17,0.69
Arabica,Brazil,198,59.0,11682.0,Pulped-Natural,7.5,7.58,7.75,10.0,8.21,0.71
Arabica,Indonesia,150,2.0,300.0,Semi-Washed,7.83,7.58,7.42,10.0,8.21,0.7
Arabica,Thailand,1,1.0,1.0,Washed,7.75,7.33,7.42,10.0,8.12,0.67
Arabica,Thailand,50,20.0,1000.0,Washed,7.42,7.58,7.58,10.0,8.14,0.69
Arabica,"Tanzania, United Republic Of",10,60.0,600.0,Washed,7.75,7.42,7.58,10.0,8.19,0.7
Arabica,Uganda,1,60.0,60.0,Natural,7.83,7.5,7.42,10.0,8.19,0.69
Arabica,Costa Rica,250,1.0,250.0,Washed,7.67,7.42,7.0,10.0,8.02,0.63
Arabica,Mexico,320,2.26796,725.7472,Washed,7.58,7.58,7.67,9.33,8.04,0.67
Arabica,Guatemala,1,2.0,2.0,Natural,7.5,7.58,7.42,10.0,8.12,0.68
Arabica,Colombia,250,70.0,17500.0,Washed,7.75,7.25,7.5,10.0,8.12,0.67
Arabica,Colombia,250,70.0,17500.0,Washed,7.75,7.5,7.33,10.0,8.14,0.68
Arabica,Colombia,250,70.0,17500.0,Washed,7.58,7.5,7.67,10.0,8.19,0.7
Arabica,Mexico,50,1.0,50.0,Washed,7.5,7.58,7.42,10.0,8.12,0.68
Arabica,Mexico,70,1.0,70.0,Washed,7.67,7.58,7.67,10.0,8.23,0.72
Arabica,Colombia,275,70.0,19250.0,Washed,7.33,7.42,7.67,10.0,8.11,0.68
Arabica,Brazil,320,60.0,19200.0,Natural,7.5,7.5,7.58,10.0,8.14,0.69
Arabica,Indonesia,2,1.0,2.0,Washed,7.83,7.75,7.42,10.0,8.25,0.71
Arabica,Honduras,275,69.0,18975.0,Washed,7.58,7.58,7.5,10.0,8.16,0.69
Arabica,Thailand,1,1.0,1.0,Washed,7.5,7.83,7.33,9.33,8.0,0.65
Arabica,Thailand,50,20.0,1000.0,Washed,7.33,7.5,7.67,10.0,8.12,0.69
Arabica,"Tanzania, United Republic Of",37,60.0,2220.0,Washed,7.67,7.42,7.5,10.0,8.15,0.68
Arabica,"Tanzania, United Republic Of",5,60.0,300.0,Washed,7.75,7.0,7.58,10.0,8.08,0.66
Arabica,Mexico,2,2.0,4.0,Washed,7.42,7.58,7.25,10.0,8.06,0.65
Arabica,Brazil,69,60.0,4140.0,Semi-Washed,7.42,7.5,7.42,10.0,8.09,0.66
Arabica,Guatemala,250,69.0,17250.0,Washed,7.83,7.42,7.42,10.0,8.17,0.68
Arabica,Colombia,250,70.0,17500.0,Washed,7.5,7.5,7.58,10.0,8.14,0.69
Arabica,Guatemala,250,69.0,17250.0,Washed,7.83,7.67,7.5,10.0,8.25,0.72
Arabica,Mexico,10,1.0,10.0,Washed,7.5,7.58,7.42,10.0,8.12,0.68
Arabica,Mexico,10,1.0,10.0,Washed,7.67,7.5,7.5,10.0,8.17,0.69
Arabica,Mexico,28,1.0,28.0,Semi-Washed,7.92,7.5,7.25,10.0,8.17,0.68
Arabica,Guatemala,275,1.0,275.0,Natural,7.67,7.33,7.5,10.0,8.12,0.67
Arabica,Brazil,300,60.0,18000.0,Semi-Washed,7.67,7.42,7.5,10.0,8.15,0.68
Arabica,Colombia,275,70.0,19250.0,Washed,7.67,7.5,7.25,10.0,8.11,0.66
Arabica,United States (Hawaii),7,45.3592,317.5144,Washed,7.33,7.42,7.42,10.0,8.04,0.65
Arabica,Honduras,1,2.0,2.0,Washed,7.42,7.67,7.58,10.0,8.17,0.7
Arabica,Guatemala,50,69.0,3450.0,Washed,7.58,7.5,7.33,10.0,8.1,0.66
Arabica,Guatemala,50,69.0,3450.0,Washed,7.67,7.58,7.42,10.0,8.17,0.69
Arabica,Guatemala,20,69.0,1380.0,Washed,7.58,7.5,7.5,10.0,8.14,0.68
Arabica,Guatemala,275,69.0,18975.0,Washed,7.5,7.42,7.67,10.0,8.15,0.69
Arabica,Colombia,43,70.0,3010.0,Washed,5.08,7.75,7.83,10.0,7.67,0.57
Arabica,China,3,60.0,180.0,Washed,7.67,7.42,7.42,10.0,8.13,0.67
Arabica,"Tanzania, United Republic Of",10,60.0,600.0,Washed,7.67,7.25,7.67,10.0,8.15,0.69
Arabica,Brazil,320,2.0,640.0,Natural,7.17,7.83,7.75,10.0,8.19,0.72
Arabica,Guatemala,250,1.0,250.0,Washed,7.5,7.5,7.42,10.0,8.11,0.67
Arabica,Mexico,10,1.0,10.0,Washed,7.42,7.5,7.42,10.0,8.09,0.66
Arabica,Brazil,39,60.0,2340.0,Semi-Washed,7.58,7.67,7.5,10.0,8.19,0.7
Arabica,Peru,320,2.26796,725.7472,Washed,7.58,7.58,7.5,9.33,8.0,0.65
Arabica,Brazil,220,60.0,13200.0,Natural,7.25,7.33,7.42,10.0,8.0,0.64
Arabica,Mexico,10,1.0,10.0,Washed,7.5,7.58,7.42,9.33,7.96,0.63
Arabica,Honduras,1,2.0,2.0,Washed,7.25,7.67,7.75,10.0,8.17,0.71
Arabica,Colombia,250,70.0,17500.0,Washed,7.67,7.42,7.58,10.0,8.17,0.69
Arabica,Mexico,49,1.0,49.0,Washed,7.5,7.42,7.42,10.0,8.09,0.66
Arabica,Mexico,20,1.0,20.0,Semi-Washed,7.42,7.58,7.58,10.0,8.14,0.69
Arabica,Mexico,35,1.0,35.0,Washed,7.42,7.58,7.5,10.0,8.12,0.68
Arabica,Mexico,10,1.0,10.0,Washed,7.75,7.33,7.58,10.0,8.16,0.69
Arabica,Mexico,74,1.0,74.0,Washed,7.5,7.58,7.5,10.0,8.14,0.69
Arabica,Mexico,26,1.0,26.0,Washed,7.58,7.58,7.5,10.0,8.16,0.69
Arabica,Mexico,10,1.0,10.0,Washed,7.58,7.33,7.5,10.0,8.1,0.67
Arabica,Mexico,1,1.0,1.0,Washed,7.67,7.58,7.58,10.0,8.21,0.71
Arabica,Mexico,10,1.0,10.0,Washed,7.83,7.5,7.17,10.0,8.12,0.66
Arabica,Colombia,250,70.0,17500.0,Natural,7.67,7.33,7.5,10.0,8.12,0.67
Arabica,Brazil,51,60.0,3060.0,Natural,7.75,7.5,7.5,10.0,8.19,0.7
Arabica,Colombia,250,70.0,17500.0,Washed,7.33,7.58,7.42,10.0,8.08,0.67
Arabica,Honduras,275,69.0,18975.0,Washed,7.5,7.58,7.42,10.0,8.12,0.68
Arabica,Brazil,320,2.0,640.0,Natural,7.33,7.5,7.5,10.0,8.08,0.67
Arabica,Brazil,305,59.0,17995.0,Natural,7.42,7.42,7.5,10.0,8.09,0.67
Arabica,Brazil,320,60.0,19200.0,Natural,7.5,7.5,7.42,10.0,8.11,0.67
Arabica,Costa Rica,100,69.0,6900.0,Washed,7.75,7.5,7.42,10.0,8.17,0.69
Arabica,Costa Rica,130,69.0,8970.0,Washed,7.75,7.33,7.33,10.0,8.1,0.66
Arabica,China,3,60.0,180.0,Pulped-Natural,7.5,7.58,7.42,10.0,8.12,0.68
Arabica,Brazil,12,2.0,24.0,Natural,8.25,7.83,8.17,10.0,8.56,0.84
Arabica,Brazil,300,60.0,18000.0,Natural,7.42,7.5,7.5,10.0,8.11,0.67
Arabica,Guatemala,275,69.0,18975.0,Washed,7.5,7.42,7.5,10.0,8.11,0.67
Arabica,Malawi,10,60.0,600.0,Washed,7.33,7.58,7.33,10.0,8.06,0.65
Arabica,Brazil,10,2.0,20.0,Natural,7.75,8.08,8.08,10.0,8.48,0.82
Arabica,Guatemala,250,69.0,17250.0,Washed,7.58,7.67,7.75,9.33,8.08,0.69
Arabica,Mexico,320,2.26796,725.7472,Washed,7.33,7.58,7.5,10.0,8.1,0.67
Arabica,Colombia,250,3.0,750.0,Washed,7.42,7.33,7.08,10.0,7.96,0.61
Arabica,Taiwan,10,20.0,200.0,Semi-Washed,7.5,7.5,7.5,10.0,8.12,0.68
Arabica,Taiwan,10,30.0,300.0,Washed,7.5,7.5,7.5,10.0,8.12,0.68
Arabica,Guatemala,250,69.0,17250.0,Washed,7.5,7.42,7.5,10.0,8.11,0.67
Arabica,Colombia,250,70.0,17500.0,Washed,7.5,7.42,7.5,10.0,8.11,0.67
Arabica,Mexico,250,1.0,250.0,Washed,7.67,7.5,7.42,10.0,8.15,0.68
Arabica,Costa Rica,275,1.0,275.0,Washed,7.92,7.58,7.92,9.33,8.19,0.72
Arabica,Guatemala,275,69.0,18975.0,Washed,7.67,7.5,7.5,10.0,8.17,0.69
Arabica,Mexico,10,1.0,10.0,Natural,7.58,7.67,7.0,10.0,8.06,0.64
Arabica,Mexico,10,1.0,10.0,Washed,7.67,7.58,7.5,10.0,8.19,0.7
Arabica,Guatemala,250,1.0,250.0,Washed,7.5,7.67,7.33,10.0,8.12,0.67
Arabica,Brazil,16,60.0,960.0,Natural,7.58,7.5,7.5,10.0,8.14,0.68
Arabica,Mexico,10,1.0,10.0,Washed,8.0,7.75,7.08,9.33,8.04,0.65
Arabica,Brazil,44,60.0,2640.0,Washed,7.58,7.58,7.42,10.0,8.14,0.68
Arabica,Colombia,250,70.0,17500.0,Natural,7.83,7.58,7.58,10.0,8.25,0.72
Arabica,Brazil,1062,5.0,5310.0,Washed,7.58,7.5,7.67,10.0,8.19,0.7
Arabica,Guatemala,275,69.0,18975.0,Washed,7.67,7.5,7.42,10.0,8.15,0.68
Arabica,Brazil,180,2.0,360.0,Natural,7.42,7.67,7.5,10.0,8.15,0.69
Arabica,El Salvador,275,1.0,275.0,Washed,7.58,7.67,7.83,9.33,8.1,0.7
Arabica,Honduras,275,1.0,275.0,Washed,7.58,7.5,7.42,10.0,8.12,0.67
Arabica,Malawi,10,60.0,600.0,Washed,7.58,7.42,7.58,10.0,8.14,0.69
Arabica,Brazil,320,2.0,640.0,Natural,7.75,7.58,7.33,10.0,8.16,0.68
Arabica,Taiwan,35,60.0,2100.0,Washed,7.5,7.5,7.5,10.0,8.12,0.68
Arabica,Mexico,150,1.0,150.0,Washed,7.58,7.58,7.42,10.0,8.14,0.68
Arabica,United States (Hawaii),6,45.3592,272.15520000000004,Natural,7.33,7.42,7.5,10.0,8.06,0.66
Arabica,Mexico,10,1.0,10.0,Washed,7.58,7.58,7.42,10.0,8.14,0.68
Arabica,Guatemala,275,69.0,18975.0,Washed,7.5,7.5,7.67,10.0,8.17,0.7
Arabica,Mexico,10,1.0,10.0,Washed,7.5,7.58,7.33,10.0,8.1,0.67
Arabica,Mexico,40,1.0,40.0,Washed,7.67,7.58,7.42,10.0,8.17,0.69
Arabica,El Salvador,288,1.0,288.0,Washed,7.75,7.33,7.5,10.0,8.14,0.68
Arabica,Mexico,250,1.0,250.0,Washed,7.33,7.58,7.33,10.0,8.06,0.65
Arabica,Mexico,250,1.0,250.0,Washed,7.42,7.5,7.42,10.0,8.09,0.66
Arabica,Colombia,250,70.0,17500.0,Washed,7.5,7.42,7.58,10.0,8.12,0.68
Arabica,Colombia,100,70.0,7000.0,Washed,7.67,7.33,7.5,10.0,8.12,0.67
Arabica,Brazil,84,60.0,5040.0,Natural,7.67,7.58,7.5,10.0,8.19,0.7
Arabica,Brazil,320,60.0,19200.0,Natural,7.42,7.42,7.42,10.0,8.06,0.66
Arabica,Honduras,200,69.0,13800.0,Washed,7.5,7.5,7.5,10.0,8.12,0.68
Arabica,"Tanzania, United Republic Of",30,80.0,2400.0,Washed,7.58,7.42,7.5,10.0,8.12,0.68
Arabica,"Tanzania, United Republic Of",300,60.0,18000.0,Washed,7.42,7.42,7.5,10.0,8.09,0.67
Arabica,Brazil,320,2.0,640.0,Natural,6.92,7.58,7.83,10.0,8.08,0.68
Arabica,Thailand,1,1.0,1.0,Washed,7.42,7.42,7.25,10.0,8.02,0.64
Arabica,Honduras,275,1.0,275.0,Washed,7.67,7.5,7.58,10.0,8.19,0.7
Arabica,Guatemala,250,69.0,17250.0,Washed,7.42,7.42,7.42,10.0,8.06,0.66
Arabica,Brazil,300,60.0,18000.0,Natural,7.58,7.5,7.5,10.0,8.14,0.68
Arabica,"Tanzania, United Republic Of",10,60.0,600.0,Washed,7.75,7.42,7.33,10.0,8.12,0.67
Arabica,Mexico,200,1.0,200.0,Washed,7.42,7.33,7.33,10.0,8.02,0.64
Arabica,Mexico,2,2.0,4.0,Washed,7.5,7.5,7.5,10.0,8.12,0.68
Arabica,Taiwan,60,60.0,3600.0,Other,7.5,7.5,7.5,10.0,8.12,0.68
Arabica,Taiwan,80,10.0,800.0,Washed,7.67,7.5,7.17,10.0,8.09,0.65
Arabica,Colombia,250,70.0,17500.0,Washed,7.33,7.25,7.75,10.0,8.08,0.67
Arabica,Mexico,10,1.0,10.0,Washed,7.5,7.67,7.33,10.0,8.12,0.67
Arabica,Guatemala,250,1.0,250.0,Washed,7.25,7.75,8.17,10.0,8.29,0.76
Arabica,Mexico,200,1.0,200.0,Washed,7.5,7.58,7.5,10.0,8.14,0.69
Arabica,Mexico,60,1.0,60.0,Washed,7.0,7.67,7.42,10.0,8.02,0.65
Arabica,Indonesia,2,1.0,2.0,Washed,7.5,7.5,7.5,10.0,8.12,0.68
Arabica,Colombia,275,70.0,19250.0,Washed,7.75,7.58,7.83,9.33,8.12,0.7
Arabica,Brazil,320,60.0,19200.0,Natural,7.42,7.58,7.42,10.0,8.11,0.67
Arabica,Brazil,320,2.0,640.0,Natural,7.25,7.25,7.25,10.0,7.94,0.61
Arabica,"Tanzania, United Republic Of",300,2.0,600.0,Washed,7.42,7.33,7.5,10.0,8.06,0.66
Arabica,"Tanzania, United Republic Of",1,60.0,60.0,Washed,7.42,7.5,7.33,10.0,8.06,0.65
Arabica,Colombia,1,2.26796,2.26796,Washed,7.5,7.42,7.67,10.0,8.15,0.69
Arabica,Costa Rica,150,69.0,10350.0,Washed,7.58,7.33,7.5,10.0,8.1,0.67
Arabica,United States (Hawaii),4,45.3592,181.4368,Natural,7.25,7.58,7.5,10.0,8.08,0.67
Arabica,Mexico,35,1.0,35.0,Washed,7.42,7.58,7.42,10.0,8.11,0.67
Arabica,Mexico,250,1.0,250.0,Washed,7.5,7.42,7.25,10.0,8.04,0.64
Arabica,Mexico,15,1.0,15.0,Washed,7.67,7.5,7.42,10.0,8.15,0.68
Arabica,Vietnam,1,2.0,2.0,Natural,7.67,8.0,7.67,10.0,8.34,0.76
Arabica,Mexico,250,1.0,250.0,Washed,7.58,7.42,7.33,10.0,8.08,0.66
Arabica,United States (Hawaii),10,45.3592,453.592,Washed,7.33,7.5,7.08,10.0,7.98,0.62
Arabica,Honduras,275,69.0,18975.0,Washed,7.5,7.5,7.5,10.0,8.12,0.68
Arabica,Honduras,275,69.0,18975.0,Natural,7.5,7.5,7.42,10.0,8.11,0.67
Arabica,Brazil,230,60.0,13800.0,Natural,7.5,7.33,7.33,10.0,8.04,0.64
Arabica,"Tanzania, United Republic Of",2,80.0,160.0,Washed,7.67,7.33,7.42,10.0,8.11,0.67
Arabica,Laos,1,2.0,2.0,Washed,7.42,7.5,7.5,10.0,8.11,0.67
Arabica,"Tanzania, United Republic Of",1,60.0,60.0,Washed,7.42,7.42,7.33,10.0,8.04,0.65
Arabica,Malawi,16,60.0,960.0,Washed,7.5,7.42,7.33,10.0,8.06,0.65
Arabica,Taiwan,50,20.0,1000.0,Washed,7.33,7.5,7.5,10.0,8.08,0.67
Arabica,Thailand,1,1.0,1.0,Washed,7.58,7.5,7.33,10.0,8.1,0.66
Arabica,Costa Rica,250,1.0,250.0,Washed,7.5,7.25,7.75,10.0,8.12,0.68
Arabica,Honduras,275,69.0,18975.0,Washed,7.33,7.33,7.5,10.0,8.04,0.65
Arabica,Colombia,250,70.0,17500.0,Washed,7.33,7.33,7.5,10.0,8.04,0.65
Arabica,Taiwan,30,10.0,300.0,Washed,7.42,7.58,8.0,9.33,8.08,0.7
Arabica,Brazil,1,2.0,2.0,Natural,7.33,7.67,7.33,10.0,8.08,0.66
Arabica,Mexico,15,1.0,15.0,Washed,7.67,7.33,7.42,10.0,8.11,0.67
Arabica,Brazil,50,60.0,3000.0,Natural,7.42,7.5,7.33,10.0,8.06,0.65
Arabica,Brazil,75,60.0,4500.0,Semi-Washed,7.42,7.5,7.5,10.0,8.11,0.67
Arabica,Guatemala,250,1.0,250.0,Natural,7.33,7.33,7.67,10.0,8.08,0.67
Arabica,Brazil,53,60.0,3180.0,Semi-Washed,7.58,7.5,7.5,10.0,8.14,0.68
Arabica,Guatemala,250,2.0,500.0,Washed,7.75,7.33,7.75,10.0,8.21,0.71
Arabica,Guatemala,25,69.0,1725.0,Washed,7.58,7.5,7.58,9.33,8.0,0.65
Arabica,Guatemala,50,69.0,3450.0,Washed,7.5,7.5,7.42,10.0,8.11,0.67
Arabica,Honduras,274,67.0,18358.0,Washed,7.58,7.5,7.42,10.0,8.12,0.67
Arabica,Brazil,305,59.0,17995.0,Natural,7.42,7.33,7.5,10.0,8.06,0.66
Arabica,El Salvador,275,69.0,18975.0,Washed,7.67,7.58,7.5,10.0,8.19,0.7
Arabica,Guatemala,275,69.0,18975.0,Washed,7.58,7.58,7.17,10.0,8.08,0.65
Arabica,"Tanzania, United Republic Of",114,60.0,6840.0,Washed,7.33,7.33,7.5,10.0,8.04,0.65
Arabica,Nicaragua,275,2.26796,623.689,Washed,7.58,7.42,7.5,10.0,8.12,0.68
Arabica,Zambia,13,2.0,26.0,Washed,7.67,7.08,7.75,10.0,8.12,0.68
Arabica,Honduras,1,2.0,2.0,Washed,7.42,7.33,7.33,10.0,8.02,0.64
Arabica,Taiwan,35,30.0,1050.0,Other,7.5,7.5,7.5,10.0,8.12,0.68
Arabica,Mexico,450,1.0,450.0,Washed,7.58,7.5,7.5,10.0,8.14,0.68
Arabica,Mexico,10,1.0,10.0,Semi-Washed,7.5,7.5,7.5,10.0,8.12,0.68
Arabica,Mexico,10,1.0,10.0,Washed,7.5,7.42,7.33,10.0,8.06,0.65
Arabica,Mexico,30,1.0,30.0,Washed,7.33,7.58,7.42,10.0,8.08,0.67
Arabica,Mexico,62,1.0,62.0,Washed,7.67,7.42,7.5,9.33,7.98,0.64
Arabica,Brazil,8,60.0,480.0,Natural,7.42,7.58,7.33,10.0,8.08,0.66
Arabica,Guatemala,25,69.0,1725.0,Washed,7.42,7.5,7.33,10.0,8.06,0.65
Arabica,Costa Rica,15,46.0,690.0,Pulped-Natural,7.25,7.33,7.67,10.0,8.06,0.67
Arabica,Brazil,200,59.0,11800.0,Natural,7.42,7.5,7.42,10.0,8.09,0.66
Arabica,Indonesia,166,30.0,4980.0,Other,7.75,7.83,7.92,10.0,8.38,0.77
Arabica,Guatemala,130,69.0,8970.0,Washed,7.58,7.5,7.58,10.0,8.16,0.69
Arabica,Brazil,320,2.0,640.0,Natural,7.17,7.58,7.75,10.0,8.12,0.69
Arabica,Brazil,300,2.0,600.0,Natural,7.58,7.0,7.67,10.0,8.06,0.66
Arabica,Myanmar,1,2.0,2.0,Washed,7.33,7.58,7.33,10.0,8.06,0.65
Arabica,Mexico,250,2.0,500.0,Washed,7.58,7.5,7.17,10.0,8.06,0.65
Arabica,Honduras,275,1.0,275.0,Washed,7.5,7.5,7.42,10.0,8.11,0.67
Arabica,Taiwan,8,5.0,40.0,Washed,7.67,7.33,7.75,10.0,8.19,0.7
Arabica,Indonesia,300,10.0,3000.0,Other,7.42,7.42,7.42,10.0,8.06,0.66
Arabica,Malawi,24,60.0,1440.0,Washed,7.58,7.42,7.33,10.0,8.08,0.66
Arabica,Brazil,320,2.0,640.0,Natural,7.33,7.58,7.83,10.0,8.19,0.71
Arabica,Honduras,275,1.0,275.0,Natural,7.5,7.5,7.33,10.0,8.08,0.66
Arabica,Mexico,280,2.0,560.0,Washed,7.42,7.42,7.33,10.0,8.04,0.65
Arabica,Colombia,50,70.0,3500.0,Washed,7.5,7.5,7.5,10.0,8.12,0.68
Arabica,United States (Hawaii),19,45.3592,861.8248,Natural,7.83,7.83,7.83,10.0,8.37,0.77
Arabica,Brazil,300,60.0,18000.0,Semi-Washed,7.75,7.75,7.83,9.33,8.16,0.71
Arabica,Guatemala,250,69.0,17250.0,Washed,7.83,7.67,7.67,9.33,8.12,0.69
Arabica,Mexico,302,1.0,302.0,Washed,7.83,7.33,7.25,10.0,8.1,0.66
Arabica,Mexico,15,1.0,15.0,Semi-Washed,7.33,7.33,7.5,10.0,8.04,0.65
Arabica,Vietnam,1,2.0,2.0,Washed,7.0,7.08,7.5,10.0,7.89,0.61
Arabica,Brazil,1,2.26796,2.26796,Natural,7.17,7.25,7.42,10.0,7.96,0.62
Arabica,Mexico,10,1.0,10.0,Washed,7.5,7.5,7.25,10.0,8.06,0.65
Arabica,Mexico,100,1.0,100.0,Washed,7.42,7.5,7.33,10.0,8.06,0.65
Arabica,Mexico,42,1.0,42.0,Washed,7.42,7.5,7.33,10.0,8.06,0.65
Arabica,Mexico,250,1.0,250.0,Washed,7.33,7.42,7.42,10.0,8.04,0.65
Arabica,Mexico,28,1.0,28.0,Washed,7.5,7.42,7.67,10.0,8.15,0.69
Arabica,Colombia,250,70.0,17500.0,Washed,7.33,7.42,7.5,10.0,8.06,0.66
Arabica,Brazil,320,60.0,19200.0,Natural,7.42,7.5,7.5,10.0,8.11,0.67
Arabica,Guatemala,50,69.0,3450.0,Washed,7.42,7.42,7.33,10.0,8.04,0.65
Arabica,Guatemala,80,69.0,5520.0,Washed,7.42,7.33,7.33,10.0,8.02,0.64
Arabica,Honduras,275,69.0,18975.0,Washed,7.58,7.5,7.42,10.0,8.12,0.67
Arabica,Brazil,320,2.0,640.0,Natural,7.25,7.75,7.5,10.0,8.12,0.68
Arabica,"Tanzania, United Republic Of",20,60.0,1200.0,Washed,7.42,7.33,7.5,10.0,8.06,0.66
Arabica,"Tanzania, United Republic Of",10,60.0,600.0,Washed,7.33,7.33,7.42,10.0,8.02,0.64
Arabica,Brazil,300,2.0,600.0,Washed,7.25,7.42,7.5,10.0,8.04,0.65
Arabica,Indonesia,320,4.0,1280.0,Semi-Washed,7.17,7.42,7.33,10.0,7.98,0.63
Arabica,Honduras,275,1.0,275.0,Natural,7.5,7.33,7.17,10.0,8.0,0.63
Arabica,Costa Rica,275,69.0,18975.0,Washed,7.5,7.17,7.5,10.0,8.04,0.65
Arabica,Mexico,320,2.26796,725.7472,Washed,7.42,7.42,7.58,9.33,7.94,0.63
Arabica,Taiwan,10,30.0,300.0,Semi-Washed,7.5,7.5,7.42,10.0,8.11,0.67
Arabica,Taiwan,10,30.0,300.0,Washed,7.58,7.42,7.33,10.0,8.08,0.66
Arabica,Mexico,310,1.0,310.0,Washed,7.5,7.42,7.33,10.0,8.06,0.65
Arabica,Guatemala,275,69.0,18975.0,Washed,7.5,7.67,7.33,10.0,8.12,0.67
Arabica,Mexico,100,1.0,100.0,Washed,7.25,7.67,7.67,8.67,7.81,0.61
Arabica,Mexico,15,1.0,15.0,Washed,7.67,7.25,7.5,10.0,8.11,0.67
Arabica,Mexico,275,1.0,275.0,Washed,7.5,7.42,7.42,10.0,8.09,0.66
Arabica,Mexico,250,1.0,250.0,Washed,7.58,7.42,7.25,10.0,8.06,0.65
Arabica,Mexico,12,1.0,12.0,Semi-Washed,7.75,7.58,7.58,9.33,8.06,0.67
Arabica,United States (Hawaii),13,45.3592,589.6696000000001,Washed,7.42,7.33,7.17,10.0,7.98,0.62
Arabica,Honduras,275,69.0,18975.0,Washed,7.5,7.42,7.5,10.0,8.11,0.67
Arabica,Guatemala,25,69.0,1725.0,Washed,7.42,7.42,7.42,10.0,8.06,0.66
Arabica,Taiwan,20,50.0,1000.0,Washed,7.42,7.42,7.33,10.0,8.04,0.65
Arabica,Costa Rica,250,69.0,17250.0,Washed,7.58,7.42,7.08,10.0,8.02,0.63
Arabica,"Tanzania, United Republic Of",100,60.0,6000.0,Washed,7.42,7.42,7.42,10.0,8.06,0.66
Arabica,Malawi,10,60.0,600.0,Washed,7.42,7.42,7.33,10.0,8.04,0.65
Arabica,Taiwan,50,20.0,1000.0,Semi-Washed,7.33,7.17,8.33,10.0,8.21,0.73
Arabica,Brazil,300,60.0,18000.0,Washed,7.42,7.42,7.5,10.0,8.09,0.67
Arabica,Guatemala,250,69.0,17250.0,Washed,7.42,7.33,7.42,10.0,8.04,0.65
Arabica,Mexico,310,1.0,310.0,Washed,7.67,7.5,6.75,10.0,7.98,0.6
Arabica,Mexico,28,1.0,28.0,Natural,7.33,7.5,7.5,10.0,8.08,0.67
Arabica,Mexico,28,1.0,28.0,Natural,7.67,7.58,7.58,10.0,8.21,0.71
Arabica,Guatemala,50,69.0,3450.0,Washed,7.67,7.58,7.33,9.33,7.98,0.64
Arabica,Nicaragua,550,69.0,37950.0,Other,7.5,7.42,7.25,10.0,8.04,0.64
Arabica,Honduras,275,69.0,18975.0,Washed,7.5,7.5,7.17,10.0,8.04,0.64
Arabica,Taiwan,123,2.0,246.0,Natural,7.5,7.42,7.58,10.0,8.12,0.68
Arabica,Myanmar,1,1.0,1.0,Washed,7.25,7.42,7.33,10.0,8.0,0.63
Arabica,Costa Rica,250,1.0,250.0,Washed,7.83,7.33,7.33,10.0,8.12,0.67
Arabica,Malawi,15,60.0,900.0,Washed,7.67,7.42,7.5,10.0,8.15,0.68
Arabica,Guatemala,250,69.0,17250.0,Washed,7.5,7.42,7.25,10.0,8.04,0.64
Arabica,Taiwan,50,20.0,1000.0,Washed,7.42,7.33,7.42,10.0,8.04,0.65
Arabica,Brazil,300,60.0,18000.0,Semi-Washed,7.58,7.5,7.67,9.33,8.02,0.66
Arabica,Haiti,300,1.814368,544.3104,Washed,7.42,7.33,7.42,10.0,8.04,0.65
Arabica,Taiwan,5,30.0,150.0,Other,7.5,7.42,7.33,10.0,8.06,0.65
Arabica,Mexico,250,1.0,250.0,Washed,7.33,7.33,7.5,10.0,8.04,0.65
Arabica,Mexico,30,1.0,30.0,Washed,7.42,7.25,7.17,10.0,7.96,0.61
Arabica,Mexico,20,1.0,20.0,Semi-Washed,7.33,7.5,7.33,10.0,8.04,0.65
Arabica,Mexico,50,80.0,4000.0,Washed,7.42,7.42,7.25,10.0,8.02,0.64
Arabica,Mexico,15,1.0,15.0,Natural,7.5,7.5,7.42,9.33,7.94,0.63
Arabica,Indonesia,10,60.0,600.0,Washed,7.75,7.17,7.58,10.0,8.12,0.67
Arabica,Brazil,300,1.0,300.0,Semi-Washed,7.5,7.42,7.5,10.0,8.11,0.67
Arabica,Guatemala,250,1.0,250.0,Washed,7.33,7.5,7.17,10.0,8.0,0.63
Arabica,Mexico,200,69.0,13800.0,Washed,7.58,7.33,7.5,10.0,8.1,0.67
Arabica,Guatemala,450,69.0,31050.0,Washed,7.42,7.33,7.33,10.0,8.02,0.64
Arabica,Brazil,300,60.0,18000.0,Natural,7.33,7.5,6.83,10.0,7.92,0.59
Arabica,Honduras,275,1.0,275.0,Washed,7.5,7.33,7.5,10.0,8.08,0.66
Arabica,Taiwan,10,60.0,600.0,Washed,7.83,7.75,7.08,10.0,8.16,0.68
Arabica,Malawi,12,60.0,720.0,Washed,7.58,7.17,7.08,10.0,7.96,0.61
Arabica,Brazil,320,2.0,640.0,Natural,7.25,7.5,7.33,10.0,8.02,0.64
Arabica,Guatemala,250,69.0,17250.0,Washed,7.42,7.5,7.42,10.0,8.09,0.66
Arabica,Mexico,280,2.0,560.0,Washed,7.67,7.33,7.25,10.0,8.06,0.65
Arabica,Peru,280,2.26796,635.0288,Washed,7.42,7.42,7.42,10.0,8.06,0.66
Arabica,Mexico,10,1.0,10.0,Washed,7.42,7.33,7.25,10.0,8.0,0.63
Arabica,Mexico,20,1.0,20.0,Washed,7.42,7.42,7.5,10.0,8.09,0.67
Arabica,Colombia,250,70.0,17500.0,Natural,7.5,7.42,7.17,10.0,8.02,0.63
Arabica,Colombia,230,70.0,16100.0,Washed,7.5,7.33,7.33,10.0,8.04,0.64
Arabica,Brazil,300,60.0,18000.0,Natural,7.25,7.33,7.33,10.0,7.98,0.63
Arabica,Honduras,275,1.0,275.0,Washed,7.58,7.42,7.17,10.0,8.04,0.64
Arabica,Brazil,300,60.0,18000.0,Other,7.17,7.33,7.42,10.0,7.98,0.63
Arabica,Philippines,2,2.0,4.0,Washed,7.08,7.33,7.33,10.0,7.94,0.62
Arabica,Malawi,31,60.0,1860.0,Washed,7.75,7.33,7.33,10.0,8.1,0.66
Arabica,Honduras,275,1.0,275.0,Washed,7.33,7.33,7.5,10.0,8.04,0.65
Arabica,Mexico,70,1.0,70.0,Washed,7.33,7.25,7.58,10.0,8.04,0.65
Arabica,Brazil,42,5.0,210.0,Natural,7.5,7.58,7.75,9.33,8.04,0.67
Arabica,Taiwan,20,50.0,1000.0,Natural,7.83,7.75,7.83,9.33,8.19,0.72
Arabica,Brazil,320,2.0,640.0,Natural,7.17,7.42,6.92,10.0,7.88,0.58
Arabica,Nicaragua,275,69.0,18975.0,Washed,7.08,7.5,7.42,10.0,8.0,0.64
Arabica,Honduras,275,1.0,275.0,Washed,7.42,7.17,7.33,10.0,7.98,0.62
Arabica,Guatemala,36,24.94756,898.11216,Washed,7.33,7.42,7.42,10.0,8.04,0.65
Arabica,"Tanzania, United Republic Of",100,60.0,6000.0,Washed,7.33,7.17,7.25,10.0,7.94,0.61
Arabica,Taiwan,10,30.0,300.0,Semi-Washed,7.5,7.5,7.25,10.0,8.06,0.65
Arabica,Guatemala,250,69.0,17250.0,Washed,7.5,7.33,7.0,10.0,7.96,0.61
Arabica,Mexico,250,1.0,250.0,Washed,7.42,7.42,7.5,9.33,7.92,0.62
Arabica,Nicaragua,275,69.0,18975.0,Washed,7.33,7.5,7.58,10.0,8.1,0.68
Arabica,"Tanzania, United Republic Of",100,60.0,6000.0,Washed,7.67,7.17,7.5,10.0,8.09,0.66
Arabica,Mexico,275,1.0,275.0,Washed,7.75,7.58,7.08,10.0,8.1,0.65
Arabica,Honduras,275,1.0,275.0,Natural,7.42,7.33,7.33,10.0,8.02,0.64
Arabica,Thailand,20,20.0,400.0,Washed,6.83,7.42,7.5,10.0,7.94,0.63
Arabica,Philippines,2,2.0,4.0,Natural,7.25,7.25,7.58,10.0,8.02,0.65
Arabica,"Tanzania, United Republic Of",320,60.0,19200.0,Washed,7.58,7.17,7.33,10.0,8.02,0.63
Arabica,Malawi,300,60.0,18000.0,Washed,7.58,7.25,7.33,10.0,8.04,0.64
Arabica,Costa Rica,250,1.0,250.0,Washed,7.33,7.08,7.33,10.0,7.94,0.61
Arabica,Brazil,300,1.0,300.0,Natural,7.42,7.42,7.33,10.0,8.04,0.65
Arabica,Mexico,250,1.0,250.0,Natural,7.42,7.25,7.42,10.0,8.02,0.64
Arabica,Guatemala,250,1.0,250.0,Washed,7.42,7.25,7.25,10.0,7.98,0.62
Arabica,Brazil,17,60.0,1020.0,Natural,7.42,7.33,7.5,10.0,8.06,0.66
Arabica,Ethiopia,300,60.0,18000.0,Natural,7.42,7.33,7.42,10.0,8.04,0.65
Arabica,Brazil,500,60.0,30000.0,Natural,7.58,7.42,7.75,9.33,8.02,0.66
Arabica,Nicaragua,275,69.0,18975.0,Washed,7.33,7.33,7.33,10.0,8.0,0.63
Arabica,United States,1,2.26796,2.26796,Natural,7.42,7.17,7.25,10.0,7.96,0.61
Arabica,"Tanzania, United Republic Of",54,60.0,3240.0,Washed,7.42,7.33,7.25,10.0,8.0,0.63
Arabica,Costa Rica,250,1.0,250.0,Washed,7.42,7.25,7.25,10.0,7.98,0.62
Arabica,United States (Puerto Rico),18,2.26796,40.82328,Washed,7.67,7.75,7.58,6.67,7.42,0.51
Arabica,Mexico,100,1.0,100.0,Washed,7.25,7.42,7.17,10.0,7.96,0.62
Arabica,Mexico,30,1.0,30.0,Washed,7.33,7.25,7.25,10.0,7.96,0.62
Arabica,Mexico,40,1.0,40.0,Washed,7.33,7.33,7.25,10.0,7.98,0.62
Arabica,Mexico,15,1.0,15.0,Washed,7.42,7.33,7.17,10.0,7.98,0.62
Arabica,United States (Hawaii),2,45.3592,90.7184,Washed,7.42,7.42,6.92,10.0,7.94,0.6
Arabica,Brazil,300,59.0,17700.0,Pulped-Natural,7.25,7.25,7.33,10.0,7.96,0.62
Arabica,El Salvador,100,69.0,6900.0,Washed,7.42,7.08,7.25,10.0,7.94,0.61
Arabica,Brazil,300,59.0,17700.0,Pulped-Natural,7.33,7.17,7.33,10.0,7.96,0.62
Arabica,Guatemala,120,69.0,8280.0,Washed,7.42,7.25,7.25,10.0,7.98,0.62
Arabica,Colombia,43,70.0,3010.0,Washed,7.67,7.5,7.67,10.0,8.21,0.71
Arabica,Guatemala,250,69.0,17250.0,Washed,7.5,7.25,7.5,10.0,8.06,0.66
Arabica,Taiwan,10,5.0,50.0,Washed,7.25,7.17,7.5,10.0,7.98,0.63
Arabica,Brazil,300,60.0,18000.0,Natural,7.67,7.75,7.83,10.0,8.31,0.75
Arabica,"Tanzania, United Republic Of",1,60.0,60.0,Washed,7.33,7.33,7.17,10.0,7.96,0.61
Arabica,Uganda,320,60.0,19200.0,Natural,7.33,6.92,7.42,10.0,7.92,0.61
Arabica,Taiwan,10,30.0,300.0,Semi-Washed,7.5,6.92,7.33,10.0,7.94,0.61
Arabica,Thailand,2,1.0,2.0,Washed,7.33,7.42,7.25,10.0,8.0,0.63
Arabica,Mexico,10,1.0,10.0,Washed,7.08,7.33,7.42,10.0,7.96,0.63
Arabica,Mexico,200,1.0,200.0,Washed,7.58,7.67,7.58,8.0,7.71,0.58
Arabica,Taiwan,150,1.0,150.0,Washed,7.33,7.17,7.33,10.0,7.96,0.62
Arabica,Guatemala,25,69.0,1725.0,Washed,7.67,7.67,7.67,9.33,8.08,0.68
Arabica,Kenya,150,60.0,9000.0,Washed,7.17,7.58,8.0,10.0,8.19,0.72
Arabica,Mexico,240,69.0,16560.0,Washed,7.5,7.33,7.5,9.33,7.91,0.62
Arabica,Myanmar,2,2.0,4.0,Other,7.17,7.42,7.33,10.0,7.98,0.63
Arabica,United States (Hawaii),7,45.3592,317.5144,Natural,7.42,7.08,7.58,10.0,8.02,0.64
Arabica,"Tanzania, United Republic Of",250,60.0,15000.0,Washed,7.33,7.17,7.42,10.0,7.98,0.63
Arabica,Brazil,300,60.0,18000.0,Natural,7.25,7.33,7.25,10.0,7.96,0.62
Arabica,Taiwan,10,60.0,600.0,Washed,7.92,7.67,7.08,10.0,8.17,0.67
Arabica,Brazil,320,2.0,640.0,Natural,7.17,7.42,7.25,10.0,7.96,0.62
Arabica,Nicaragua,275,0.453592,124.7378,Washed,7.33,7.08,7.5,10.0,7.98,0.63
Arabica,Guatemala,250,69.0,17250.0,Washed,7.58,7.42,7.25,10.0,8.06,0.65
Arabica,Taiwan,35,30.0,1050.0,Washed,7.42,7.25,7.25,10.0,7.98,0.62
Arabica,Taiwan,5,30.0,150.0,Other,7.25,7.17,7.08,10.0,7.88,0.58
Arabica,Taiwan,10,20.0,200.0,Washed,7.42,7.25,7.25,10.0,7.98,0.62
Arabica,Mexico,60,1.0,60.0,Washed,7.58,7.33,7.17,10.0,8.02,0.63
Arabica,Laos,20,50.0,1000.0,Washed,7.42,7.33,7.17,10.0,7.98,0.62
Arabica,Guatemala,250,1.0,250.0,Washed,7.67,7.25,7.17,10.0,8.02,0.63
Arabica,Mexico,15,1.0,15.0,Semi-Washed,7.17,7.08,7.25,10.0,7.88,0.59
Arabica,Mexico,100,1.0,100.0,Washed,7.5,7.17,7.17,10.0,7.96,0.61
Arabica,United States (Hawaii),7,45.3592,317.5144,Washed,7.42,7.33,7.33,10.0,8.02,0.64
Arabica,Brazil,320,60.0,19200.0,Natural,7.17,7.25,7.25,10.0,7.92,0.6
Arabica,Myanmar,1,2.0,2.0,Washed,6.92,7.5,7.5,10.0,7.98,0.64
Arabica,Guatemala,275,69.0,18975.0,Washed,7.5,7.33,7.17,10.0,8.0,0.63
Arabica,Nicaragua,275,69.0,18975.0,Washed,7.25,7.25,7.33,10.0,7.96,0.62
Arabica,Honduras,275,1.0,275.0,Natural,7.5,7.33,7.25,10.0,8.02,0.63
Arabica,Panama,100,60.0,6000.0,Other,7.25,7.33,7.33,10.0,7.98,0.63
Arabica,Honduras,275,1.0,275.0,Washed,7.42,7.17,7.25,10.0,7.96,0.61
Arabica,Honduras,275,1.0,275.0,Natural,7.25,7.33,7.25,10.0,7.96,0.62
Arabica,Costa Rica,250,1.360776,340.194,Washed,7.33,7.33,7.17,10.0,7.96,0.61
Arabica,Mexico,30,1.0,30.0,Washed,7.58,7.33,7.5,9.33,7.94,0.63
Arabica,Haiti,1,2.0,2.0,Washed,7.42,7.0,7.08,10.0,7.88,0.58
Arabica,United States (Hawaii),3,0.907184,2.721552,Natural,7.08,7.33,7.33,10.0,7.94,0.62
Arabica,Taiwan,160,1.0,160.0,Other,7.33,7.08,7.42,10.0,7.96,0.62
Arabica,Indonesia,200,30.0,6000.0,Semi-Washed,7.58,7.42,7.5,9.33,7.96,0.64
Arabica,Guatemala,150,60.0,9000.0,Washed,7.67,7.42,7.42,10.0,8.13,0.67
Arabica,Costa Rica,240,1.0,240.0,Washed,7.83,7.5,7.83,6.67,7.46,0.53
Arabica,Malawi,100,60.0,6000.0,Washed,7.5,7.25,7.25,10.0,8.0,0.63
Arabica,Mexico,20,1.0,20.0,Washed,7.25,7.17,7.17,10.0,7.9,0.59
Arabica,Colombia,250,70.0,17500.0,Natural,7.67,7.5,7.5,10.0,8.17,0.69
Arabica,Guatemala,250,69.0,17250.0,Washed,7.67,7.17,7.0,10.0,7.96,0.6
Arabica,Guatemala,250,1.0,250.0,Washed,7.0,7.33,7.0,10.0,7.83,0.57
Arabica,Guatemala,250,1.0,250.0,Washed,7.0,7.5,7.17,10.0,7.92,0.61
Arabica,"Tanzania, United Republic Of",10,60.0,600.0,Washed,7.25,7.08,7.33,10.0,7.92,0.6
Arabica,Brazil,300,2.0,600.0,Semi-Washed,7.42,7.25,7.08,10.0,7.94,0.6
Arabica,Honduras,275,69.0,18975.0,Washed,7.5,7.17,7.33,10.0,8.0,0.63
Arabica,Guatemala,275,69.0,18975.0,Natural,7.17,7.42,7.17,10.0,7.94,0.61
Arabica,Taiwan,20,5.0,100.0,Natural,7.17,7.17,7.17,10.0,7.88,0.59
Arabica,Guatemala,275,69.0,18975.0,Washed,7.33,7.25,7.25,10.0,7.96,0.62
Arabica,Honduras,15,69.0,1035.0,Washed,7.58,7.33,7.33,10.0,8.06,0.65
Arabica,Brazil,300,60.0,18000.0,Semi-Washed,7.25,7.33,7.33,9.33,7.81,0.58
Arabica,Myanmar,1,2.0,2.0,Washed,7.17,7.33,7.25,10.0,7.94,0.61
Arabica,Guatemala,275,69.0,18975.0,Washed,7.5,7.17,7.17,10.0,7.96,0.61
Arabica,Brazil,300,60.0,18000.0,Semi-Washed,7.42,7.42,7.67,9.33,7.96,0.64
Arabica,United States (Hawaii),10,45.3592,453.592,Natural,7.42,7.33,7.58,8.67,7.75,0.58
Arabica,Guatemala,250,1.0,250.0,Washed,7.5,7.5,7.17,10.0,8.04,0.64
Arabica,Mexico,18,1.0,18.0,Washed,7.25,7.25,7.25,10.0,7.94,0.61
Arabica,Taiwan,10,60.0,600.0,Washed,7.58,7.17,7.17,10.0,7.98,0.62
Arabica,El Salvador,2,2.0,4.0,Washed,7.33,7.17,7.33,10.0,7.96,0.62
Arabica,China,1,2.0,2.0,Washed,7.25,7.08,7.33,10.0,7.92,0.6
Arabica,Taiwan,10,30.0,300.0,Washed,7.25,7.25,7.25,10.0,7.94,0.61
Arabica,Mexico,250,1.0,250.0,Washed,6.92,7.17,7.33,10.0,7.86,0.59
Arabica,Mexico,250,1.0,250.0,Washed,7.42,7.08,7.25,10.0,7.94,0.61
Arabica,"Tanzania, United Republic Of",10,60.0,600.0,Washed,7.25,7.17,7.42,10.0,7.96,0.62
Arabica,"Tanzania, United Republic Of",1,60.0,60.0,Washed,7.25,7.17,7.25,10.0,7.92,0.6
Arabica,Taiwan,10,30.0,300.0,Other,7.25,7.25,7.25,10.0,7.94,0.61
Arabica,Guatemala,250,69.0,17250.0,Washed,7.33,7.33,7.0,10.0,7.92,0.59
Arabica,Mexico,10,1.0,10.0,Semi-Washed,7.25,7.08,7.33,10.0,7.92,0.6
Arabica,United States (Hawaii),10,45.3592,453.592,Washed,7.17,7.5,7.67,9.33,7.92,0.63
Arabica,Brazil,440,59.0,25960.0,Natural,7.17,7.33,7.0,10.0,7.88,0.58
Arabica,Honduras,275,69.0,18975.0,Natural,7.25,7.25,7.42,10.0,7.98,0.63
Arabica,Mexico,60,69.0,4140.0,Washed,7.25,7.17,7.33,10.0,7.94,0.61
Arabica,Myanmar,2,2.0,4.0,Natural,8.0,7.08,7.08,10.0,8.04,0.63
Arabica,Myanmar,1,2.0,2.0,Natural,7.42,7.0,7.17,10.0,7.9,0.59
Arabica,Nicaragua,275,69.0,18975.0,Washed,7.08,6.92,7.5,10.0,7.88,0.6
Arabica,United States (Hawaii),2,45.3592,90.7184,Natural,7.5,7.08,7.42,9.33,7.83,0.59
Arabica,Colombia,1,2.0,2.0,Washed,7.42,8.0,8.08,8.67,8.04,0.7
Arabica,Taiwan,5,30.0,150.0,Semi-Washed,7.25,7.08,7.17,10.0,7.88,0.59
Arabica,Guatemala,250,1.0,250.0,Washed,7.0,7.17,7.0,10.0,7.79,0.56
Arabica,Mexico,10,1.0,10.0,Washed,7.58,7.33,6.75,10.0,7.92,0.58
Arabica,Vietnam,1,2.0,2.0,Other,7.42,7.25,7.42,8.67,7.69,0.56
Arabica,Nicaragua,275,2.0,550.0,Washed,7.17,7.08,7.25,10.0,7.88,0.59
Arabica,Honduras,275,1.0,275.0,Washed,7.25,7.25,7.08,10.0,7.89,0.59
Arabica,Guatemala,250,69.0,17250.0,Washed,7.33,7.33,7.17,10.0,7.96,0.61
Arabica,Mexico,20,1.0,20.0,Washed,7.33,7.08,7.25,10.0,7.92,0.6
Arabica,Mexico,15,1.0,15.0,Washed,7.58,7.42,7.08,8.67,7.69,0.55
Arabica,Mexico,15,1.0,15.0,Washed,7.33,7.33,7.25,10.0,7.98,0.62
Arabica,Guatemala,250,1.0,250.0,Washed,7.33,7.33,7.0,10.0,7.92,0.59
Arabica,Brazil,440,60.0,26400.0,Pulped-Natural,7.17,7.17,7.25,10.0,7.9,0.6
Arabica,Taiwan,10,60.0,600.0,Washed,7.42,7.25,7.0,10.0,7.92,0.59
Arabica,Nicaragua,1,2.26796,2.26796,Natural,7.25,7.17,7.17,10.0,7.9,0.59
Arabica,Taiwan,10,30.0,300.0,Other,7.25,7.25,7.08,10.0,7.89,0.59
Arabica,Taiwan,10,30.0,300.0,Semi-Washed,7.25,7.25,7.17,10.0,7.92,0.6
Arabica,Mexico,13,1.0,13.0,Washed,7.33,7.17,7.08,10.0,7.89,0.59
Arabica,Mexico,10,1.0,10.0,Washed,7.25,7.08,7.33,10.0,7.92,0.6
Arabica,Nicaragua,275,69.0,18975.0,Washed,7.33,7.08,7.42,10.0,7.96,0.62
Arabica,Myanmar,1,2.0,2.0,Washed,7.17,7.33,7.17,10.0,7.92,0.6
Arabica,Mexico,280,2.0,560.0,Washed,7.58,7.75,7.5,8.67,7.88,0.62
Arabica,Thailand,2,1.0,2.0,Washed,7.33,6.67,7.42,10.0,7.86,0.58
Arabica,Mexico,20,1.0,20.0,Washed,7.25,7.25,7.33,9.33,7.79,0.58
Arabica,Mexico,256,1.0,256.0,Washed,7.08,7.33,7.08,10.0,7.87,0.59
Arabica,Colombia,275,2.0,550.0,Washed,7.83,7.67,7.83,6.67,7.5,0.55
Arabica,United States (Hawaii),12,100.0,1200.0,Natural,7.5,7.0,7.33,10.0,7.96,0.61
Arabica,Mexico,400,1.0,400.0,Washed,7.33,7.08,7.42,9.33,7.79,0.58
Arabica,Mexico,10,1.0,10.0,Washed,7.17,7.17,7.33,10.0,7.92,0.61
Arabica,Mexico,82,1.0,82.0,Washed,7.5,7.17,7.25,10.0,7.98,0.62
Arabica,Mexico,250,1.0,250.0,Washed,7.17,7.08,7.5,9.33,7.77,0.58
Arabica,Mexico,100,1.0,100.0,Natural,7.33,7.25,7.17,9.33,7.77,0.56
Arabica,Mexico,209,1.0,209.0,Washed,7.17,7.33,7.33,10.0,7.96,0.62
Arabica,Guatemala,50,69.0,3450.0,Washed,7.33,7.25,7.25,9.33,7.79,0.57
Arabica,Nicaragua,75,2.0,150.0,Washed,6.83,7.17,7.5,10.0,7.88,0.6
Arabica,Mexico,250,1.0,250.0,Washed,7.17,7.08,7.5,10.0,7.94,0.62
Arabica,United States (Hawaii),12,45.3592,544.3104000000001,Natural,7.58,7.08,7.5,9.33,7.87,0.6
Arabica,Guatemala,25,69.0,1725.0,Washed,7.5,7.42,7.33,9.33,7.89,0.61
Arabica,Taiwan,28,50.0,1400.0,Natural,7.75,7.33,7.67,9.33,8.02,0.66
Arabica,Taiwan,50,20.0,1000.0,Washed,7.08,7.08,7.17,10.0,7.83,0.57
Arabica,Thailand,1,1.0,1.0,Washed,7.25,7.08,7.08,10.0,7.85,0.58
Arabica,Peru,320,2.26796,725.7472,Washed,7.0,7.08,7.5,9.33,7.73,0.56
Arabica,Costa Rica,275,2.0,550.0,Washed,7.58,7.5,7.67,8.0,7.69,0.58
Arabica,Mexico,310,1.0,310.0,Washed,7.58,7.08,7.5,10.0,8.04,0.65
Arabica,Mexico,275,1.0,275.0,Washed,7.58,7.08,7.5,10.0,8.04,0.65
Arabica,Mexico,380,1.0,380.0,Washed,7.25,7.08,7.17,10.0,7.88,0.59
Arabica,Mexico,12,1.0,12.0,Washed,7.25,7.17,7.17,10.0,7.9,0.59
Arabica,Mexico,250,1.0,250.0,Washed,7.33,7.25,7.08,10.0,7.92,0.6
Arabica,Guatemala,275,69.0,18975.0,Washed,7.58,7.33,7.0,9.33,7.81,0.57
Arabica,Mexico,36,1.0,36.0,Washed,7.25,6.83,7.25,10.0,7.83,0.57
Arabica,Guatemala,25,69.0,1725.0,Washed,7.42,7.42,7.42,9.33,7.9,0.61
Arabica,El Salvador,275,69.0,18975.0,Washed,7.25,7.08,7.33,10.0,7.92,0.6
Arabica,Thailand,1,1.0,1.0,Washed,6.92,7.17,7.17,10.0,7.81,0.57
Arabica,Guatemala,250,69.0,17250.0,Washed,7.5,7.0,7.08,10.0,7.89,0.58
Arabica,Mexico,310,1.0,310.0,Washed,7.42,7.25,7.17,10.0,7.96,0.61
Arabica,Mexico,10,1.0,10.0,Washed,7.33,7.17,7.08,10.0,7.89,0.59
Arabica,Mexico,253,1.0,253.0,Washed,6.92,7.17,7.08,10.0,7.79,0.56
Arabica,Mexico,50,1.0,50.0,Washed,7.08,7.0,7.25,10.0,7.83,0.58
Arabica,Mexico,250,1.0,250.0,Washed,7.25,6.92,7.25,10.0,7.86,0.58
Arabica,Nicaragua,275,69.0,18975.0,Natural,6.92,6.92,7.25,10.0,7.77,0.56
Arabica,Taiwan,10,2.0,20.0,Natural,6.92,7.0,7.42,10.0,7.83,0.58
Arabica,Colombia,250,70.0,17500.0,Washed,7.83,7.5,7.67,10.0,8.25,0.72
Arabica,Mexico,250,1.0,250.0,Washed,7.25,7.08,7.58,9.33,7.81,0.59
Arabica,Mexico,127,1.0,127.0,Washed,7.25,7.33,7.17,9.33,7.77,0.57
Arabica,Guatemala,250,69.0,17250.0,Washed,7.08,7.33,7.33,9.33,7.77,0.57
Arabica,Guatemala,275,69.0,18975.0,Washed,7.25,7.33,7.0,10.0,7.89,0.59
Arabica,Mexico,10,1.0,10.0,Washed,7.0,6.83,7.33,10.0,7.79,0.56
Arabica,Cote d'Ivoire,2,1.0,2.0,Washed,7.42,7.25,7.33,9.33,7.83,0.59
Arabica,Colombia,250,1.360776,340.194,Washed,7.42,7.25,7.42,9.33,7.86,0.6
Arabica,Mexico,30,1.0,30.0,Washed,7.0,7.0,7.42,10.0,7.86,0.59
Arabica,Mexico,50,1.0,50.0,Washed,7.42,7.17,7.08,9.33,7.75,0.55
Arabica,Guatemala,250,1.0,250.0,Washed,7.17,6.5,7.58,10.0,7.81,0.57
Arabica,Taiwan,50,20.0,1000.0,Washed,7.08,6.83,7.42,10.0,7.83,0.58
Arabica,Mexico,12,1.0,12.0,Washed,7.0,7.0,7.17,10.0,7.79,0.56
Arabica,Guatemala,50,69.0,3450.0,Washed,7.33,7.42,7.5,8.67,7.73,0.58
Arabica,Honduras,15,69.0,1035.0,Washed,7.58,7.0,7.0,10.0,7.89,0.58
Arabica,Guatemala,250,69.0,17250.0,Washed,7.08,7.0,7.0,10.0,7.77,0.55
Arabica,Guatemala,275,69.0,18975.0,Washed,7.25,7.17,7.0,10.0,7.86,0.57
Arabica,Costa Rica,1,2.0,2.0,Washed,7.17,7.42,7.25,10.0,7.96,0.62
Arabica,Mexico,10,1.0,10.0,Washed,7.25,7.08,7.17,9.33,7.71,0.54
Arabica,Mexico,53,1.0,53.0,Washed,7.17,6.92,7.17,10.0,7.81,0.57
Arabica,Guatemala,50,69.0,3450.0,Washed,7.58,7.67,7.67,8.67,7.9,0.64
Arabica,United States (Puerto Rico),18,2.26796,40.82328,Washed,7.42,7.08,7.33,10.0,7.96,0.62
Arabica,Mexico,13,1.0,13.0,Washed,7.33,7.0,7.33,9.33,7.75,0.56
Arabica,Mexico,10,1.0,10.0,Washed,7.25,7.08,7.42,9.33,7.77,0.57
Arabica,Mexico,10,1.0,10.0,Washed,7.17,7.25,7.25,9.33,7.75,0.56
Arabica,Guatemala,250,69.0,17250.0,Washed,7.33,7.17,7.08,10.0,7.89,0.59
Arabica,Honduras,275,2.0,550.0,Washed,7.0,7.0,7.0,10.0,7.75,0.54
Arabica,Peru,280,69.0,19320.0,Washed,7.67,7.17,8.0,8.67,7.88,0.63
Arabica,Mexico,14,1.0,14.0,Natural,6.75,7.08,7.17,10.0,7.75,0.55
Arabica,Mexico,16,1.0,16.0,Semi-Washed,7.5,7.17,7.25,8.67,7.65,0.54
Arabica,Mexico,120,1.0,120.0,Washed,7.17,6.83,7.17,10.0,7.79,0.56
Arabica,Mexico,250,1.0,250.0,Washed,7.33,7.0,7.17,9.33,7.71,0.54
Arabica,Mexico,14,1.0,14.0,Washed,7.5,7.0,6.92,10.0,7.86,0.57
Arabica,Nicaragua,1,1.0,1.0,Other,7.17,7.0,7.0,10.0,7.79,0.55
Arabica,United States (Hawaii),11,0.907184,9.979023999999999,Natural,7.5,6.92,7.58,9.33,7.83,0.59
Arabica,Guatemala,250,69.0,17250.0,Washed,7.33,7.08,7.0,10.0,7.85,0.57
Arabica,Mexico,20,1.0,20.0,Washed,7.25,6.83,7.17,10.0,7.81,0.56
Arabica,Mexico,35,1.0,35.0,Semi-Washed,7.25,7.33,7.08,8.67,7.58,0.51
Arabica,Mexico,10,1.0,10.0,Washed,7.67,7.17,7.58,9.33,7.94,0.63
Arabica,China,1,2.0,2.0,Washed,7.0,6.92,7.17,10.0,7.77,0.55
Arabica,Mexico,20,1.0,20.0,Washed,6.92,6.92,7.17,10.0,7.75,0.55
Arabica,Nicaragua,275,2.0,550.0,Natural,6.83,7.08,7.25,10.0,7.79,0.57
Arabica,Guatemala,250,69.0,17250.0,Washed,7.33,7.17,7.25,8.67,7.61,0.53
Arabica,Taiwan,50,20.0,1000.0,Washed,6.83,6.75,7.0,10.0,7.64,0.51
Arabica,Mexico,250,1.0,250.0,Washed,7.0,7.0,6.92,10.0,7.73,0.53
Arabica,Mexico,50,1.0,50.0,Washed,7.92,7.58,7.92,8.0,7.86,0.64
Arabica,Mexico,280,69.0,19320.0,Washed,7.25,6.75,7.25,9.33,7.64,0.52
Arabica,Mexico,10,1.0,10.0,Washed,7.08,6.83,7.0,10.0,7.73,0.53
Arabica,Mexico,20,1.0,20.0,Washed,7.25,7.17,7.58,8.67,7.67,0.56
Arabica,Brazil,300,60.0,18000.0,Natural,6.83,7.0,6.92,10.0,7.69,0.52
Arabica,Mexico,10,1.0,10.0,Washed,7.58,7.17,7.33,8.0,7.52,0.51
Arabica,United States (Hawaii),5,45.3592,226.796,Natural,7.5,7.75,7.92,7.33,7.62,0.58
Arabica,Guatemala,275,69.0,18975.0,Washed,7.17,6.5,7.17,10.0,7.71,0.53
Arabica,Guatemala,250,1.0,250.0,Washed,7.17,7.17,7.0,10.0,7.83,0.57
Arabica,Mexico,100,1.0,100.0,Natural,7.25,7.25,7.33,8.0,7.46,0.49
Arabica,Guatemala,250,1.0,250.0,Washed,7.17,6.08,7.33,10.0,7.64,0.51
Arabica,United States (Hawaii),18,45.3592,816.4656,Natural,7.5,7.5,7.5,8.67,7.79,0.6
Arabica,United States (Hawaii),5,45.3592,226.796,Natural,7.42,7.33,7.67,8.0,7.61,0.55
Arabica,Indonesia,2,1.0,2.0,Washed,6.92,6.83,6.92,10.0,7.67,0.51
Arabica,Mexico,320,1.0,320.0,Washed,7.08,6.83,7.25,10.0,7.79,0.56
Arabica,Taiwan,8,10.0,80.0,Washed,7.5,7.08,7.5,6.67,7.19,0.43
Arabica,Honduras,275,2.0,550.0,Natural,6.83,7.0,7.0,10.0,7.71,0.53
Arabica,United States (Hawaii),5,45.3592,226.796,Natural,7.58,7.33,7.5,8.0,7.6,0.54
Arabica,Guatemala,275,69.0,18975.0,Washed,7.42,7.25,7.0,9.33,7.75,0.55
Arabica,China,16,2.0,32.0,Washed,7.33,7.17,7.33,9.33,7.79,0.58
Arabica,Guatemala,250,69.0,17250.0,Washed,7.0,6.83,6.67,10.0,7.62,0.49
Arabica,Mexico,10,1.0,10.0,Washed,7.25,7.33,7.25,10.0,7.96,0.62
Arabica,Costa Rica,250,1.0,250.0,Washed,7.5,7.25,7.08,8.67,7.62,0.52
Arabica,Mexico,50,1.0,50.0,Washed,7.42,7.25,7.25,8.0,7.48,0.5
Arabica,Guatemala,250,1.0,250.0,Washed,7.17,6.17,7.33,10.0,7.67,0.52
Arabica,Brazil,1,2.26796,2.26796,Washed,7.0,6.75,7.08,10.0,7.71,0.53
Arabica,Guatemala,250,1.0,250.0,Washed,7.0,6.83,6.83,10.0,7.67,0.51
Arabica,Taiwan,100,10.0,1000.0,Washed,7.17,6.75,7.33,9.33,7.64,0.53
Arabica,United States (Hawaii),5,45.3592,226.796,Natural,7.58,7.67,7.42,9.33,8.0,0.65
Arabica,Mexico,23,1.0,23.0,Washed,7.17,6.75,6.83,10.0,7.69,0.51
Arabica,Guatemala,250,1.0,250.0,Washed,7.08,6.92,6.92,10.0,7.73,0.53
Arabica,Brazil,320,60.0,19200.0,Natural,7.5,7.33,7.58,8.0,7.6,0.55
Arabica,Guatemala,275,69.0,18975.0,Washed,7.33,7.0,7.17,9.33,7.71,0.54
Arabica,Mexico,10,1.0,10.0,Washed,7.33,7.0,6.92,9.33,7.64,0.51
Arabica,Haiti,1,1.814368,1.814368,Washed,6.83,6.83,6.92,9.33,7.48,0.46
Arabica,United States (Hawaii),9,0.907184,8.164656,Natural,7.08,6.92,7.58,8.67,7.56,0.52
Arabica,Mexico,10,1.0,10.0,Washed,7.08,7.0,7.33,8.67,7.52,0.5
Arabica,Peru,275,2.0,550.0,Washed,7.42,7.75,7.92,8.67,7.94,0.66
Arabica,India,20,50.0,1000.0,Natural,7.67,7.33,7.17,9.33,7.88,0.59
Arabica,Guatemala,250,2.0,500.0,Washed,6.42,6.5,6.33,10.0,7.31,0.38
Arabica,Mexico,10,1.0,10.0,Washed,7.17,6.58,7.25,9.33,7.58,0.5
Arabica,Guatemala,250,69.0,17250.0,Washed,7.5,7.0,7.17,8.67,7.59,0.51
Arabica,Guatemala,250,2.0,500.0,Washed,6.17,6.5,7.0,10.0,7.42,0.44
Arabica,United States (Hawaii),2,45.3592,90.7184,Natural,7.25,7.08,7.33,8.67,7.58,0.52
Arabica,United States (Hawaii),6,45.3592,272.15520000000004,Natural,7.5,7.33,7.67,8.0,7.62,0.56
Arabica,Mexico,11,1.0,11.0,Washed,7.42,7.0,6.92,7.33,7.17,0.39
Arabica,Indonesia,15,2.0,30.0,Natural,7.33,7.0,7.58,9.33,7.81,0.59
Arabica,Mexico,20,1.0,20.0,Washed,7.08,6.83,7.17,10.0,7.77,0.55
Arabica,Honduras,275,2.0,550.0,Natural,6.83,6.83,7.0,9.33,7.5,0.47
Arabica,Philippines,1,2.0,2.0,Washed,6.83,6.5,6.75,9.33,7.35,0.41
Arabica,Brazil,440,59.0,25960.0,Natural,7.17,7.0,7.17,8.0,7.33,0.45
Arabica,Guatemala,250,1.0,250.0,Washed,7.92,7.58,7.33,8.0,7.71,0.57
Arabica,Guatemala,250,1.0,250.0,Washed,6.67,6.5,7.17,8.67,7.25,0.41
Arabica,Mexico,10,1.0,10.0,Washed,7.5,7.25,7.17,8.0,7.48,0.49
Arabica,Mexico,100,1.0,100.0,Washed,7.17,6.92,7.25,10.0,7.83,0.57
Arabica,Mexico,36,1.0,36.0,Washed,7.25,6.83,7.17,10.0,7.81,0.56
Arabica,Mexico,18,1.0,18.0,Washed,7.17,7.17,7.42,8.67,7.61,0.53
Arabica,Mexico,43,1.0,43.0,Washed,7.0,6.92,7.17,10.0,7.77,0.55
Arabica,Mexico,14,1.0,14.0,Washed,7.08,6.75,7.0,8.67,7.38,0.44
Arabica,Mexico,20,1.0,20.0,Washed,7.33,6.75,7.5,10.0,7.89,0.6
Arabica,Guatemala,250,1.0,250.0,Washed,6.75,6.5,7.25,8.0,7.12,0.38
Arabica,Guatemala,250,1.0,250.0,Washed,6.75,6.67,7.0,8.0,7.11,0.37
Arabica,Mexico,275,1.0,275.0,Washed,7.08,7.0,7.33,8.0,7.35,0.46
Arabica,United States (Hawaii),3,45.3592,136.07760000000002,Natural,7.5,7.25,7.42,8.0,7.54,0.52
Arabica,Guatemala,250,69.0,17250.0,Washed,6.5,6.33,7.33,8.67,7.21,0.4
Arabica,Mexico,20,1.0,20.0,Washed,7.0,6.58,7.08,10.0,7.67,0.51
Arabica,Mexico,100,1.0,100.0,Washed,6.92,6.42,7.25,10.0,7.65,0.51
Arabica,Mexico,20,1.0,20.0,Washed,7.67,7.0,7.33,10.0,8.0,0.63
Arabica,United States (Hawaii),22,45.3592,997.9024000000001,Natural,7.17,7.17,7.67,9.33,7.83,0.6
Arabica,Honduras,275,2.0,550.0,Washed,7.0,7.17,7.0,8.0,7.29,0.43
Arabica,Mexico,280,69.0,19320.0,Washed,7.08,7.08,6.92,8.0,7.27,0.42
Arabica,Colombia,1,2.26796,2.26796,Natural,8.0,7.33,7.42,6.67,7.36,0.48
Arabica,United States (Hawaii),11,45.3592,498.95120000000003,Natural,6.92,6.92,7.58,6.67,7.02,0.39
Arabica,Costa Rica,250,1.0,250.0,Washed,6.33,6.5,6.33,10.0,7.29,0.37
Arabica,Mexico,10,1.0,10.0,Washed,6.92,6.92,7.17,10.0,7.75,0.55
Arabica,Mexico,25,1.0,25.0,Washed,6.5,6.67,7.33,8.0,7.12,0.39
Arabica,Mexico,280,2.0,560.0,Washed,6.92,7.0,7.42,6.0,6.83,0.33
Arabica,Brazil,305,59.0,17995.0,Natural,7.0,7.0,7.33,6.0,6.83,0.33
Arabica,Honduras,275,1.0,275.0,Washed,6.67,6.5,6.83,8.0,7.0,0.33
Arabica,Honduras,275,1.0,275.0,Washed,7.0,6.17,6.5,8.0,6.92,0.28
Arabica,Honduras,275,1.0,275.0,Washed,7.0,6.33,6.67,8.0,7.0,0.32
Arabica,Mexico,12,1.0,12.0,Washed,7.08,6.83,7.25,10.0,7.79,0.56
Arabica,Haiti,1,2.0,2.0,Natural,6.75,6.58,7.08,9.33,7.44,0.45
Arabica,Nicaragua,550,69.0,37950.0,Other,7.25,6.58,6.42,6.0,6.56,0.2
Arabica,Guatemala,275,1.0,275.0,Washed,7.5,6.67,7.33,8.0,7.38,0.46
Robusta,India,320,60.0,19200.0,Washed,8.0,7.75,7.92,10.0,8.42,0.78
Robusta,India,320,60.0,19200.0,Washed,7.67,7.75,7.92,10.0,8.34,0.76
Robusta,India,320,60.0,19200.0,Washed,7.67,7.75,7.83,10.0,8.31,0.75
Robusta,India,320,60.0,19200.0,Natural,7.67,7.83,7.75,10.0,8.31,0.75
Robusta,India,140,2.0,280.0,Natural,7.5,7.5,7.67,10.0,8.17,0.7
Robusta,India,250,2.0,500.0,Natural,7.58,7.42,7.42,10.0,8.11,0.67
Robusta,United States,100,1.0,100.0,Natural,7.92,7.5,7.42,9.33,8.04,0.66
Robusta,United States,1,1.0,1.0,Natural,7.33,7.33,7.5,9.33,7.87,0.61
Robusta,India,1,2.26796,2.26796,Natural,7.42,6.83,7.25,9.33,7.71,0.54
Robusta,Vietnam,1,2.26796,2.26796,Natural,6.75,6.67,6.92,9.33,7.42,0.44
