species,country_of_origin,number_of_bags,bag_weight,processing_method,aroma,flavor,body,uniformity
Arabica,Ethiopia,300,60.0,Washed,8.67,8.83,8.5,10.0
Arabica,Ethiopia,300,60.0,Washed,8.75,8.67,8.42,10.0
Arabica,Ethiopia,320,60.0,Natural,8.17,8.58,8.5,10.0
Arabica,Ethiopia,300,60.0,Washed,8.25,8.5,8.42,10.0
Arabica,Brazil,100,30.0,Natural,8.58,8.42,8.25,10.0
Arabica,Peru,100,69.0,Washed,8.42,8.5,8.25,10.0
Arabica,Ethiopia,50,60.0,Natural,8.08,8.58,7.67,10.0
Arabica,Ethiopia,300,60.0,Natural,8.17,8.67,7.75,10.0
Arabica,United States,10,1.0,Washed,8.25,8.42,8.08,10.0
Arabica,United States,10,1.0,Washed,8.08,8.67,8.0,10.0
Arabica,United States,10,1.0,Washed,8.0,8.5,8.17,10.0
Arabica,China,3,60.0,Washed,8.42,8.25,7.92,10.0
Arabica,Ethiopia,250,60.0,Natural,8.17,8.17,8.08,10.0
Arabica,United States,10,1.0,Washed,8.0,8.25,8.25,10.0
Arabica,Costa Rica,250,1.360776,Washed,8.08,8.25,8.0,10.0
Arabica,Mexico,14,1.0,Washed,8.17,8.25,7.83,10.0
Arabica,United States,10,1.0,Washed,8.25,8.33,7.83,10.0
Arabica,Ethiopia,100,60.0,Natural,8.42,8.17,8.33,10.0
Arabica,Brazil,3,60.0,Natural,8.5,8.5,8.0,10.0
Arabica,Uganda,100,60.0,Washed,8.42,8.17,7.83,10.0
Arabica,Taiwan,20,50.0,Pulped-Natural,8.0,8.0,8.0,10.0
Arabica,"Tanzania, United Republic Of",100,60.0,Natural,8.42,8.17,7.58,10.0
Arabica,Brazil,29,60.0,Natural,8.5,8.17,8.0,10.0
Arabica,Costa Rica,250,0.907184,Washed,8.17,7.83,7.83,10.0
Arabica,Ethiopia,320,60.0,Natural,8.0,8.08,8.08,10.0
Arabica,Kenya,320,1.0,Washed,8.08,8.0,7.92,10.0
Arabica,United States (Hawaii),10,45.3592,Natural,8.08,8.17,7.92,10.0
Arabica,United States,10,1.0,Washed,7.67,8.17,8.17,10.0
Arabica,Thailand,53,1.0,Washed,7.83,8.33,7.58,10.0
Arabica,Taiwan,10,15.0,Semi-Washed,8.08,8.17,7.75,10.0
Arabica,Kenya,12,60.0,Natural,8.08,8.08,7.83,10.0
Arabica,Brazil,7,60.0,Semi-Washed,8.33,8.0,7.75,10.0
Arabica,Uganda,1,60.0,Semi-Washed,8.08,8.08,8.08,10.0
Arabica,Colombia,1,2.0,Washed,7.75,7.92,8.08,10.0
Arabica,Kenya,1,1.0,Washed,7.92,8.17,7.5,10.0
Arabica,Uganda,1,60.0,Washed,8.25,8.0,8.0,10.0
Arabica,Guatemala,80,69.0,Washed,7.92,8.08,8.08,10.0
Arabica,Uganda,1,60.0,Natural,8.17,8.17,7.83,10.0
Arabica,Colombia,275,70.0,Washed,8.0,8.0,7.83,10.0
Arabica,Panama,37,60.0,Washed,8.0,8.0,7.83,10.0
Arabica,Ethiopia,320,60.0,Washed,7.83,8.08,8.0,10.0
Arabica,Guatemala,150,1.0,Washed,7.83,8.0,7.83,10.0
Arabica,Guatemala,275,1.0,Washed,8.0,8.0,7.83,10.0
Arabica,Ethiopia,320,19200.0,Natural,7.83,8.0,7.92,10.0
Arabica,Peru,280,2.26796,Washed,8.0,8.0,7.92,10.0
Arabica,Papua New Guinea,7,60.0,Washed,8.33,8.42,8.0,9.33
Arabica,El Salvador,275,2.0,Washed,7.92,8.17,7.75,10.0
Arabica,El Salvador,19,1.0,Semi-Washed,7.83,8.0,7.92,10.0
Arabica,United States (Hawaii),8,45.3592,Natural,7.83,8.0,8.08,10.0
Arabica,Panama,100,60.0,Natural,8.0,7.75,7.67,10.0
Arabica,Kenya,16,60.0,Natural,7.92,7.92,7.83,10.0
Arabica,Ethiopia,320,60.0,Natural,7.83,8.0,7.83,10.0
Arabica,Uganda,320,60.0,Washed,8.33,7.92,7.67,10.0
Arabica,Guatemala,250,69.0,Washed,8.0,7.83,7.83,10.0
Arabica,Ethiopia,320,60.0,Washed,7.75,7.83,7.92,10.0
Arabica,Uganda,150,60.0,Washed,8.08,8.0,8.0,10.0
Arabica,United States (Hawaii),8,45.3592,Natural,7.92,7.92,7.75,10.0
Arabica,Brazil,5,60.0,Semi-Washed,8.0,8.0,7.75,10.0
Arabica,China,3,60.0,Natural,8.0,8.0,7.83,10.0
Arabica,Guatemala,36,30.0,Natural,7.83,7.75,7.83,10.0
Arabica,Costa Rica,250,1.360776,Washed,7.92,8.08,8.0,10.0
Arabica,Costa Rica,250,1.360776,Washed,8.0,7.58,8.08,10.0
Arabica,Kenya,20,60.0,Washed,7.83,8.08,7.92,10.0
Arabica,Kenya,300,60.0,Washed,8.0,7.92,7.83,10.0
Arabica,Colombia,275,70.0,Washed,8.17,7.92,7.58,10.0
Arabica,Colombia,250,70.0,Natural,7.58,8.08,8.0,10.0
Arabica,Indonesia,54,60.0,Semi-Washed,7.75,7.83,8.08,10.0
Arabica,Guatemala,250,1.0,Washed,8.25,8.0,7.75,10.0
Arabica,Ethiopia,320,19200.0,Natural,7.75,8.0,8.0,10.0
Arabica,Colombia,250,70.0,Natural,8.17,7.83,8.0,10.0
Arabica,Ethiopia,100,60.0,Natural,8.42,8.0,7.92,9.33
Arabica,United States (Hawaii),12,45.3592,Natural,7.58,7.83,7.83,10.0
Arabica,Colombia,250,70.0,Natural,7.83,8.0,7.83,10.0
Arabica,Uganda,200,60.0,Washed,8.17,7.92,7.67,10.0
Arabica,Colombia,135,70.0,Washed,8.0,7.92,7.75,10.0
Arabica,Costa Rica,36,46.0,Washed,7.83,8.0,7.92,10.0
Arabica,Mexico,1,30.0,Washed,7.83,8.0,7.67,10.0
Arabica,Kenya,170,60.0,Washed,8.17,7.83,7.67,10.0
Arabica,Kenya,38,60.0,Washed,7.75,7.83,8.0,10.0
Arabica,Brazil,31,60.0,Natural,8.0,8.0,7.67,10.0
Arabica,Colombia,243,70.0,Washed,7.92,7.92,7.92,10.0
Arabica,Colombia,252,70.0,Washed,7.92,7.83,7.75,10.0
Arabica,Taiwan,20,40.0,Semi-Washed,7.67,7.83,8.0,10.0
Arabica,"Tanzania, United Republic Of",134,60.0,Washed,8.0,7.83,7.75,10.0
Arabica,Colombia,50,70.0,Washed,7.75,7.92,7.75,10.0
Arabica,Mexico,25,1.0,Semi-Washed,7.75,8.0,7.5,10.0
Arabica,Brazil,4,60.0,Natural,8.0,7.92,8.0,10.0
Arabica,Brazil,10,60.0,Natural,8.0,8.0,7.5,10.0
Arabica,Taiwan,10,20.0,Natural,7.92,7.58,7.83,10.0
Arabica,Uganda,1,60.0,Natural,7.75,7.92,8.25,10.0
Arabica,United States (Hawaii),14,45.3592,Natural,7.67,7.75,7.83,10.0
Arabica,Thailand,50,50.0,Pulped-Natural,7.75,7.75,8.0,10.0
Arabica,Kenya,150,60.0,Washed,7.92,7.83,7.75,10.0
Arabica,Honduras,275,1.0,Washed,7.83,7.75,7.67,10.0
Arabica,El Salvador,150,69.0,Washed,7.83,7.83,7.83,10.0
Arabica,Indonesia,2,1.0,Washed,7.92,7.83,7.75,10.0
Arabica,Japan,20,1.0,Pulped-Natural,7.75,7.75,8.08,10.0
Arabica,Costa Rica,15,69.0,Washed,8.08,7.75,7.5,10.0
Arabica,Guatemala,120,34.0,Washed,7.75,7.83,7.92,10.0
Arabica,Costa Rica,50,0.453592,Washed,8.17,8.0,7.83,10.0
Arabica,Ethiopia,250,30.0,Washed,8.08,7.83,7.58,10.0
Arabica,Costa Rica,20,69.0,Other,7.67,7.58,7.67,10.0
Arabica,Costa Rica,275,1.0,Washed,8.0,7.58,7.75,10.0
Arabica,Costa Rica,1,2.0,Washed,8.08,7.83,7.92,10.0
Arabica,Taiwan,10,30.0,Washed,8.0,7.92,7.75,10.0
Arabica,Colombia,250,70.0,Washed,7.75,7.83,7.75,10.0
Arabica,Kenya,235,60.0,Washed,7.75,7.92,7.58,10.0
Arabica,Guatemala,250,1.0,Washed,8.0,7.83,7.67,10.0
Arabica,Guatemala,125,1.0,Washed,7.67,7.83,7.67,10.0
Arabica,Mexico,80,1.0,Washed,7.83,7.58,7.92,10.0
Arabica,Uganda,320,60.0,Washed,7.92,7.83,7.67,10.0
Arabica,Kenya,66,60.0,Washed,7.92,7.75,7.58,10.0
Arabica,Colombia,250,70.0,Washed,7.83,7.67,7.67,10.0
Arabica,Colombia,125,70.0,Washed,7.92,7.83,7.83,10.0
Arabica,Kenya,100,60.0,Washed,7.83,7.83,7.58,10.0
Arabica,Guatemala,250,69.0,Washed,7.75,7.83,7.75,10.0
Arabica,Guatemala,250,69.0,Washed,8.0,7.92,7.58,10.0
Arabica,Colombia,250,70.0,Washed,7.67,7.67,7.58,10.0
Arabica,Colombia,75,70.0,Washed,7.75,7.75,7.58,10.0
Arabica,Kenya,11,660.0,Washed,7.75,7.75,7.75,10.0
Arabica,Colombia,250,70.0,Washed,7.67,7.83,7.58,10.0
Arabica,Costa Rica,1,1.0,Semi-Washed,7.75,7.83,7.83,10.0
Arabica,Colombia,250,70.0,Washed,7.42,7.67,8.08,10.0
Arabica,Brazil,37,60.0,Semi-Washed,8.0,8.0,7.58,10.0
Arabica,Brazil,35,60.0,Semi-Washed,8.5,8.0,7.5,10.0
Arabica,Costa Rica,275,18975.0,Washed,7.92,7.67,7.67,10.0
Arabica,Uganda,200,12000.0,Washed,7.92,7.75,7.83,10.0
Arabica,China,3,60.0,Washed,7.75,7.92,7.75,10.0
Arabica,Costa Rica,250,0.453592,Washed,7.92,7.83,7.58,10.0
Arabica,Colombia,275,2.0,Washed,8.08,7.67,7.67,10.0
Arabica,China,1,2.0,Washed,7.67,8.0,7.75,10.0
Arabica,Guatemala,250,69.0,Washed,8.17,7.83,7.67,10.0
Arabica,Kenya,235,60.0,Washed,7.92,7.83,7.67,10.0
Arabica,Mexico,56,1.0,Washed,8.0,7.92,7.5,10.0
Arabica,Mexico,250,1.0,Washed,7.92,7.83,7.75,10.0
Arabica,Guatemala,250,69.0,Washed,7.67,8.0,7.5,10.0
Arabica,Costa Rica,275,69.0,Washed,7.58,7.83,7.67,10.0
Arabica,Indonesia,200,30.0,Other,7.67,7.67,7.83,10.0
Arabica,Colombia,304,35.0,Natural,7.92,7.83,7.92,10.0
Arabica,Colombia,275,70.0,Washed,7.92,7.75,7.67,10.0
Arabica,Taiwan,2,2.0,Washed,7.83,7.83,7.5,10.0
Arabica,United States (Hawaii),5,45.3592,Natural,7.92,7.92,7.5,10.0
Arabica,Mexico,69,1.0,Washed,7.75,7.92,7.83,10.0
Arabica,Kenya,150,60.0,Washed,7.33,7.58,7.75,10.0
Arabica,Colombia,275,70.0,Washed,7.58,7.75,7.67,10.0
Arabica,Honduras,275,69.0,Washed,7.58,7.92,7.92,10.0
Arabica,Colombia,250,70.0,Natural,7.75,7.67,8.08,10.0
Arabica,Colombia,275,70.0,Washed,7.75,7.58,7.58,10.0
Arabica,Mexico,100,80.0,Washed,8.0,7.75,7.5,10.0
Arabica,Taiwan,10,5.0,Washed,7.92,7.75,7.67,10.0
Arabica,Thailand,20,25.0,Natural,7.83,7.75,7.83,10.0
Arabica,Colombia,275,70.0,Natural,7.83,7.58,7.67,10.0
Arabica,Guatemala,230,69.0,Washed,7.75,7.75,7.75,10.0
Arabica,Guatemala,275,69.0,Washed,7.75,7.92,7.58,10.0
Arabica,China,3,60.0,Natural,7.83,7.83,7.75,10.0
Arabica,Colombia,275,70.0,Washed,7.67,7.67,7.67,10.0
Arabica,Colombia,248,70.0,Washed,7.83,7.67,7.92,10.0
Arabica,Colombia,275,2.0,Washed,7.83,7.75,7.67,10.0
Arabica,Colombia,250,70.0,Natural,7.42,7.67,7.92,10.0
Arabica,"Tanzania, United Republic Of",10,60.0,Washed,7.83,7.67,7.67,10.0
Arabica,"Tanzania, United Republic Of",65,60.0,Washed,7.83,7.75,7.67,10.0
Arabica,Guatemala,250,69.0,Other,7.83,7.83,7.58,10.0
Arabica,Colombia,250,70.0,Washed,7.58,7.5,7.92,10.0
Arabica,United States (Hawaii),7,45.3592,Natural,7.33,7.92,7.92,10.0
Arabica,Mexico,10,1.0,Semi-Washed,7.83,7.92,7.5,10.0
Arabica,Mexico,20,1.0,Washed,7.83,7.83,7.83,10.0
Arabica,Mexico,250,1.0,Washed,7.83,7.92,7.5,10.0
Arabica,Uganda,1,60.0,Natural,8.17,7.75,7.83,10.0
Arabica,Guatemala,50,69.0,Washed,7.75,7.83,7.67,10.0
Arabica,Colombia,250,70.0,Washed,7.83,7.75,7.75,10.0
Arabica,Costa Rica,150,69.0,Washed,7.92,7.75,7.5,10.0
Arabica,Guatemala,275,69.0,Washed,7.75,7.75,7.67,10.0
Arabica,Guatemala,377,69.0,Washed,7.75,7.92,7.67,10.0
Arabica,Guatemala,130,69.0,Washed,7.58,7.83,7.83,10.0
Arabica,Colombia,275,70.0,Washed,8.0,7.5,8.0,10.0
Arabica,Nicaragua,275,2.0,Natural,7.67,7.83,7.67,10.0
Arabica,Brazil,305,59.0,Natural,7.67,7.75,7.83,10.0
Arabica,Costa Rica,320,69.0,Washed,7.67,7.75,7.5,10.0
Arabica,Ethiopia,320,60.0,Natural,7.5,7.92,7.75,10.0
Arabica,"Tanzania, United Republic Of",10,60.0,Washed,7.92,7.75,7.75,10.0
Arabica,Colombia,250,1.0,Washed,7.67,7.5,7.83,10.0
Arabica,Guatemala,275,2.26796,Washed,7.67,7.75,7.75,10.0
Arabica,Kenya,300,18000.0,Washed,7.58,7.75,7.75,10.0
Arabica,Brazil,1,2.0,Natural,7.58,7.83,7.67,10.0
Arabica,Guatemala,250,69.0,Washed,7.92,7.75,7.83,10.0
Arabica,El Salvador,275,2.0,Natural,8.42,8.08,7.58,9.33
Arabica,Colombia,250,70.0,Washed,7.75,7.75,7.83,10.0
Arabica,Guatemala,275,1.0,Natural,7.83,7.5,7.83,10.0
Arabica,Uganda,320,60.0,Washed,7.83,7.75,7.83,10.0
Arabica,Indonesia,2,2.0,Natural,7.81,7.88,7.63,10.0
Arabica,Colombia,275,70.0,Washed,7.83,7.5,7.83,10.0
Arabica,Taiwan,10,20.0,Washed,7.58,7.67,7.75,10.0
Arabica,Guatemala,50,69.0,Washed,8.0,7.75,7.92,10.0
Arabica,Colombia,200,70.0,Washed,7.92,7.75,7.67,10.0
Arabica,Guatemala,1,2.0,Washed,7.58,7.75,7.75,10.0
Arabica,United States (Hawaii),14,45.3592,Natural,7.83,7.75,7.42,9.33
Arabica,Mexico,300,1.0,Washed,7.67,7.75,7.67,10.0
Arabica,Ethiopia,100,60.0,Natural,7.92,7.92,7.92,10.0
Arabica,Costa Rica,275,68.0388,Washed,7.58,7.75,7.83,10.0
Arabica,Ethiopia,320,60.0,Natural,7.83,7.75,7.33,10.0
Arabica,Honduras,275,66.0,Washed,7.42,7.83,7.75,10.0
Arabica,Guatemala,275,69.0,Washed,7.67,7.83,7.75,10.0
Arabica,Colombia,250,1.0,Washed,7.67,7.67,7.58,10.0
Arabica,Guatemala,250,69.0,Natural,7.92,7.67,7.75,10.0
Arabica,Guatemala,250,69.0,Other,7.75,7.83,7.58,10.0
Arabica,Colombia,250,1.0,Washed,7.67,7.75,7.67,10.0
Arabica,Colombia,250,70.0,Natural,7.58,7.42,7.75,10.0
Arabica,Colombia,138,70.0,Washed,7.67,7.67,7.67,10.0
Arabica,Ethiopia,50,60.0,Natural,7.75,7.75,7.67,10.0
Arabica,Brazil,320,60.0,Natural,7.58,7.83,8.0,10.0
Arabica,Colombia,270,70.0,Washed,7.67,7.83,7.67,10.0
Arabica,Kenya,300,60.0,Washed,7.67,7.83,7.92,10.0
Arabica,Thailand,2,1.0,Washed,7.92,8.17,8.08,8.67
Arabica,Kenya,150,9000.0,Washed,7.67,7.75,7.83,10.0
Arabica,Uganda,320,60.0,Washed,7.92,7.75,7.67,10.0
Arabica,Brazil,320,60.0,Natural,7.5,7.75,7.58,10.0
Arabica,Mexico,200,69.0,Washed,7.83,7.83,7.42,10.0
Arabica,Thailand,45,40.0,Natural,7.67,7.75,7.67,10.0
Arabica,Brazil,320,60.0,Natural,7.58,7.67,7.58,10.0
Arabica,Taiwan,20,50.0,Washed,7.83,7.75,7.83,9.33
Arabica,Taiwan,1,2.0,Natural,7.75,7.75,7.75,10.0
Arabica,Colombia,275,2.0,Washed,7.92,7.67,7.58,10.0
Arabica,Colombia,275,2.0,Washed,7.83,7.75,7.75,10.0
Arabica,Colombia,275,70.0,Washed,7.75,7.58,7.83,10.0
Arabica,Taiwan,10,60.0,Washed,8.0,7.92,7.67,10.0
Arabica,Colombia,250,70.0,Natural,7.67,7.83,7.67,10.0
Arabica,Mexico,48,1.0,Washed,7.67,7.75,7.75,10.0
Arabica,Mexico,250,1.0,Washed,7.5,7.67,7.75,10.0
Arabica,Mexico,20,1.0,Washed,7.75,7.92,7.75,9.33
Arabica,Colombia,275,70.0,Washed,7.92,7.58,7.58,10.0
Arabica,Costa Rica,275,69.0,Washed,7.67,7.67,7.5,10.0
Arabica,Guatemala,100,69.0,Washed,7.75,7.75,7.83,10.0
Arabica,Brazil,320,2.0,Natural,7.25,7.58,7.75,10.0
Arabica,Taiwan,8,18.0,Washed,7.67,7.75,7.42,10.0
Arabica,Ethiopia,320,60.0,Natural,7.75,7.75,7.58,10.0
Arabica,Brazil,300,2.0,Semi-Washed,7.67,7.67,7.83,10.0
Arabica,Costa Rica,250,1.0,Washed,7.83,7.42,7.75,10.0
Arabica,Guatemala,250,69.0,Washed,7.58,7.83,7.58,10.0
Arabica,Brazil,320,60.0,Natural,7.92,7.5,8.17,10.0
Arabica,Ecuador,1,2.26796,Natural,7.5,7.67,7.83,10.0
Arabica,Colombia,250,70.0,Washed,7.67,7.58,7.58,10.0
Arabica,Guatemala,250,69.0,Washed,7.5,7.83,7.83,10.0
Arabica,Mexico,20,1.0,Natural,7.67,8.0,7.67,10.0
Arabica,Mexico,250,1.0,Natural,7.67,7.58,7.75,10.0
Arabica,Brazil,300,1.0,Semi-Washed,7.83,7.83,7.5,10.0
Arabica,Kenya,200,60.0,Washed,7.75,7.58,7.75,10.0
Arabica,Brazil,320,60.0,Natural,7.67,7.67,7.67,10.0
Arabica,Colombia,275,70.0,Washed,7.83,7.83,7.58,10.0
Arabica,Taiwan,10,10.0,Natural,7.67,7.67,7.67,10.0
Arabica,Colombia,275,70.0,Washed,7.92,7.75,7.75,10.0
Arabica,China,3,60.0,Washed,7.83,7.75,7.58,10.0
Arabica,Colombia,250,70.0,Natural,7.75,7.67,7.58,10.0
Arabica,Uganda,320,60.0,Natural,8.0,7.92,7.33,10.0
Arabica,United States (Puerto Rico),18,2.26796,Washed,7.83,7.83,8.0,9.33
Arabica,Colombia,100,70.0,Washed,7.67,7.67,7.5,10.0
Arabica,Colombia,250,70.0,Washed,7.67,7.42,8.0,10.0
Arabica,Colombia,250,70.0,Washed,7.58,7.67,7.67,10.0
Arabica,Colombia,275,70.0,Washed,7.75,7.67,7.42,10.0
Arabica,United States (Hawaii),12,45.3592,Natural,7.25,7.42,7.83,10.0
Arabica,Mexico,10,1.0,Natural,7.83,7.58,7.75,10.0
Arabica,Guatemala,250,1.360776,Washed,7.67,7.58,7.75,10.0
Arabica,Brazil,320,60.0,Natural,7.67,7.83,7.67,10.0
Arabica,Kenya,200,60.0,Washed,8.08,7.67,7.25,10.0
Arabica,Honduras,285,69.0,Washed,7.5,7.5,8.0,10.0
Arabica,Nicaragua,275,69.0,Washed,7.67,7.75,7.83,10.0
Arabica,Brazil,320,60.0,Natural,7.58,7.75,7.58,10.0
Arabica,Taiwan,20,50.0,Natural,7.5,7.67,7.83,10.0
Arabica,Thailand,1,1.0,Washed,7.5,7.75,7.67,10.0
Arabica,Colombia,100,0.907184,Washed,7.5,7.75,7.67,10.0
Arabica,Guatemala,275,69.0,Washed,8.0,7.5,8.0,9.33
Arabica,Colombia,250,70.0,Washed,7.83,7.75,7.58,10.0
Arabica,Colombia,250,70.0,Washed,7.67,7.67,7.33,10.0
Arabica,Guatemala,250,69.0,Washed,7.67,7.67,8.0,10.0
Arabica,Guatemala,250,69.0,Washed,7.83,7.67,7.67,10.0
Arabica,Colombia,250,70.0,Washed,7.75,7.75,7.17,10.0
Arabica,Guatemala,250,1.0,Natural,8.17,8.17,8.08,9.33
Arabica,Guatemala,250,1.0,Washed,7.67,8.17,7.58,10.0
Arabica,Mexico,48,1.0,Washed,7.67,7.5,7.83,10.0
Arabica,Indonesia,10,60.0,Washed,8.17,7.67,7.42,10.0
Arabica,Guatemala,250,69.0,Washed,7.67,7.5,7.67,10.0
Arabica,Brazil,320,60.0,Natural,7.58,7.67,7.67,10.0
Arabica,Guatemala,275,69.0,Washed,7.75,7.75,7.58,10.0
Arabica,Colombia,275,70.0,Washed,7.75,7.75,7.67,10.0
Arabica,China,3,60.0,Washed,7.67,7.58,7.67,10.0
Arabica,Colombia,275,70.0,Washed,7.67,7.75,7.75,10.0
Arabica,Mexico,275,2.0,Washed,7.75,7.75,7.5,10.0
Arabica,Ethiopia,250,60.0,Washed,7.75,7.67,7.5,10.0
Arabica,Uganda,100,60.0,Washed,7.67,7.67,7.75,10.0
Arabica,Colombia,250,70.0,Natural,7.67,7.58,7.67,10.0
Arabica,Colombia,250,70.0,Washed,7.67,7.58,7.67,10.0
Arabica,Colombia,250,70.0,Washed,7.75,7.58,7.75,10.0
Arabica,Taiwan,10,30.0,Other,7.75,7.75,7.5,10.0
Arabica,Colombia,275,70.0,Washed,7.67,7.67,7.75,10.0
Arabica,Mexico,250,1.0,Washed,7.83,7.67,7.67,10.0
Arabica,Brazil,33,60.0,Semi-Washed,7.83,7.75,7.5,10.0
Arabica,Colombia,50,70.0,Washed,7.75,7.58,7.75,10.0
Arabica,Costa Rica,245,69.0,Washed,7.92,7.42,7.5,10.0
Arabica,Colombia,250,70.0,Natural,7.75,7.58,7.75,10.0
Arabica,Guatemala,250,69.0,Washed,7.67,7.75,7.58,10.0
Arabica,Colombia,180,70.0,Washed,7.58,7.58,7.75,10.0
Arabica,"Tanzania, United Republic Of",5,60.0,Washed,7.75,7.67,7.67,10.0
Arabica,Indonesia,200,30.0,Semi-Washed,7.25,7.67,7.83,10.0
Arabica,Ethiopia,320,60.0,Natural,7.67,7.75,7.75,10.0
Arabica,Colombia,275,2.0,Washed,7.67,7.42,7.58,10.0
Arabica,Colombia,275,70.0,Washed,8.0,7.58,7.92,10.0
Arabica,Guatemala,250,1.0,Washed,7.58,7.75,7.42,10.0
Arabica,Colombia,250,70.0,Washed,7.75,7.58,7.83,10.0
Arabica,Honduras,275,1.0,Natural,7.67,7.5,7.67,10.0
Arabica,Colombia,250,70.0,Washed,7.58,7.75,7.75,10.0
Arabica,Colombia,250,70.0,Washed,7.58,7.67,7.58,10.0
Arabica,Mexico,10,1.0,Natural,7.83,7.58,7.5,10.0
Arabica,Mexico,10,1.0,Semi-Washed,7.67,7.75,7.58,10.0
Arabica,Mexico,15,1.0,Washed,7.75,7.67,7.33,10.0
Arabica,Guatemala,275,69.0,Washed,7.83,7.5,7.67,10.0
Arabica,Colombia,175,70.0,Washed,7.67,7.58,7.67,10.0
Arabica,Guatemala,250,2.0,Washed,7.5,7.5,8.0,10.0
Arabica,Colombia,300,29.0,Washed,7.5,7.58,7.75,10.0
Arabica,Guatemala,50,69.0,Washed,7.67,7.75,7.58,10.0
Arabica,Colombia,600,29.0,Washed,7.67,7.67,7.67,10.0
Arabica,Costa Rica,275,69.0,Washed,7.58,7.5,7.5,10.0
Arabica,Uganda,20,1218.0,Washed,7.58,7.75,7.67,10.0
Arabica,Thailand,500,25.0,Washed,7.5,7.58,7.75,10.0
Arabica,El Salvador,275,69.0,Washed,7.58,7.5,7.75,10.0
Arabica,Colombia,275,70.0,Natural,7.58,7.67,7.58,10.0
Arabica,Brazil,300,60.0,Semi-Washed,7.33,7.83,7.42,10.0
Arabica,"Tanzania, United Republic Of",39,60.0,Washed,7.75,7.67,7.58,10.0
Arabica,Colombia,250,70.0,Washed,7.58,7.58,7.75,9.33
Arabica,Guatemala,250,69.0,Natural,7.75,7.83,7.5,10.0
Arabica,Guatemala,250,69.0,Washed,7.67,7.5,7.75,10.0
Arabica,United States (Hawaii),13,45.3592,Natural,7.42,7.75,7.67,10.0
Arabica,Colombia,250,70.0,Washed,7.5,7.75,7.67,10.0
Arabica,Colombia,275,70.0,Washed,7.75,7.5,7.58,10.0
Arabica,Colombia,130,70.0,Washed,7.67,7.58,7.67,10.0
Arabica,Colombia,275,70.0,Washed,7.83,7.58,7.5,10.0
Arabica,Brazil,10,2.0,Semi-Washed,7.5,7.83,7.58,10.0
Arabica,Mexico,275,1.0,Washed,7.75,7.75,7.5,10.0
Arabica,Colombia,275,70.0,Washed,7.67,7.75,7.83,10.0
Arabica,"Tanzania, United Republic Of",10,60.0,Semi-Washed,7.75,7.58,7.58,10.0
Arabica,Mexico,200,1.0,Washed,7.67,7.67,7.5,10.0
Arabica,Costa Rica,250,1.360776,Washed,7.67,7.67,7.67,10.0
Arabica,United States (Hawaii),12,45.3592,Natural,7.83,7.58,7.92,9.33
Arabica,Costa Rica,250,1.0,Washed,7.5,7.67,7.83,10.0
Arabica,Peru,280,2.26796,Washed,7.83,7.75,7.92,9.33
Arabica,Haiti,2,1.814368,Washed,7.58,7.5,7.83,10.0
Arabica,Colombia,250,70.0,Natural,7.67,7.67,7.92,10.0
Arabica,United States (Hawaii),7,45.3592,Natural,7.92,7.5,7.67,9.33
Arabica,Burundi,220,60.0,Washed,7.75,7.67,7.5,10.0
Arabica,Colombia,250,70.0,Washed,7.5,7.67,7.67,10.0
Arabica,Mexico,50,50.0,Washed,7.67,7.83,7.33,10.0
Arabica,Costa Rica,29,46.0,Pulped-Natural,7.5,7.5,7.67,10.0
Arabica,Costa Rica,275,69.0,Washed,7.83,7.5,7.5,10.0
Arabica,Guatemala,275,0.0,Washed,7.5,7.58,7.67,10.0
Arabica,Uganda,150,9000.0,Washed,7.5,7.67,7.67,10.0
Arabica,Colombia,304,35.0,Natural,7.58,7.67,7.75,10.0
Arabica,Mexico,11,2.0,Natural,7.83,7.75,7.58,10.0
Arabica,Taiwan,10,15.0,Washed,7.67,7.5,7.67,10.0
Arabica,Taiwan,10,60.0,Washed,7.92,7.83,7.5,10.0
Arabica,Colombia,250,70.0,Natural,7.58,7.58,7.58,10.0
Arabica,Guatemala,26,69.0,Washed,7.5,7.67,7.67,10.0
Arabica,Colombia,275,70.0,Washed,7.83,7.5,7.67,10.0
Arabica,Mexico,200,1.0,Washed,7.58,7.75,7.58,10.0
Arabica,United States (Hawaii),11,45.3592,Natural,7.58,7.75,8.08,9.33
Arabica,Mexico,10,1.0,Washed,7.75,7.58,7.5,10.0
Arabica,Mexico,54,1.0,Washed,7.75,7.75,7.33,10.0
Arabica,Guatemala,250,1.0,Washed,7.83,7.58,7.42,10.0
Arabica,Brazil,30,60.0,Semi-Washed,7.75,7.67,7.58,10.0
Arabica,Colombia,250,70.0,Washed,7.67,7.58,7.83,10.0
Arabica,Colombia,175,70.0,Washed,7.67,7.67,7.58,10.0
Arabica,Brazil,320,60.0,Natural,7.67,7.42,7.67,10.0
Arabica,Guatemala,275,69.0,Washed,7.58,7.58,7.75,10.0
Arabica,"Tanzania, United Republic Of",320,60.0,Washed,7.67,7.58,7.67,10.0
Arabica,Vietnam,1,2.0,Natural,7.58,7.42,7.58,10.0
Arabica,Guatemala,250,1500.0,Washed,7.67,7.75,7.58,10.0
Arabica,Honduras,275,69.0,Washed,7.67,7.67,7.5,10.0
Arabica,China,3,60.0,Washed,7.5,7.67,7.67,10.0
Arabica,China,3,60.0,Washed,7.67,7.67,7.42,10.0
Arabica,El Salvador,275,69.0,Washed,7.5,7.5,8.0,10.0
Arabica,Guatemala,150,69.0,Washed,7.5,7.75,7.58,10.0
Arabica,Guatemala,100,69.0,Washed,7.92,7.67,7.5,10.0
Arabica,Kenya,300,2.0,Washed,7.83,7.75,7.83,9.33
Arabica,Thailand,1,1.0,Washed,7.67,7.58,7.42,10.0
Arabica,"Tanzania, United Republic Of",180,60.0,Washed,7.58,7.67,7.42,10.0
Arabica,Colombia,232,70.0,Washed,7.58,7.5,7.5,10.0
Arabica,Uganda,84,60.0,Washed,8.0,7.67,7.33,10.0
Arabica,Colombia,1,1.814368,Washed,7.58,7.75,7.58,10.0
Arabica,Honduras,275,1.0,Natural,7.5,7.5,7.67,10.0
Arabica,Honduras,275,1.0,Natural,7.67,7.67,7.5,10.0
Arabica,Guatemala,200,69.0,Washed,7.33,7.83,7.33,10.0
Arabica,United States (Hawaii),6,45.3592,Natural,7.5,7.5,7.92,10.0
Arabica,"Tanzania, United Republic Of",300,1.0,Washed,7.58,7.5,7.58,10.0
Arabica,Guatemala,250,69.0,Washed,7.67,7.83,7.5,10.0
Arabica,Mexico,45,1.0,Washed,7.75,7.58,7.5,10.0
Arabica,Mexico,10,1.0,Washed,7.75,7.67,7.42,10.0
Arabica,Mexico,10,1.0,Washed,7.58,7.75,7.5,10.0
Arabica,Colombia,275,70.0,Washed,7.67,7.5,7.58,10.0
Arabica,Mexico,15,1.0,Washed,7.75,7.5,7.58,10.0
Arabica,Mexico,250,1.0,Washed,7.5,7.75,7.67,10.0
Arabica,Brazil,50,60.0,Natural,7.75,7.67,7.58,10.0
Arabica,Brazil,100,60.0,Natural,7.92,7.58,7.42,10.0
Arabica,Guatemala,250,2.0,Washed,7.75,7.5,7.92,10.0
Arabica,Brazil,25,60.0,Semi-Washed,7.75,7.5,7.75,10.0
Arabica,Colombia,275,70.0,Washed,7.58,7.67,7.75,10.0
Arabica,Colombia,275,70.0,Washed,7.75,7.5,8.0,10.0
Arabica,Brazil,320,60.0,Pulped-Natural,7.58,7.58,7.67,10.0
Arabica,Brazil,320,2.0,Natural,7.33,7.67,7.75,10.0
Arabica,Taiwan,20,60.0,Natural,7.83,7.92,7.67,9.33
Arabica,Brazil,300,60.0,Natural,7.42,7.67,7.75,10.0
Arabica,Brazil,300,2.0,Washed,7.58,7.83,7.42,10.0
Arabica,Costa Rica,250,1.0,Washed,7.83,7.33,7.58,10.0
Arabica,United States (Hawaii),16,45.3592,Natural,7.33,7.75,7.83,10.0
Arabica,Taiwan,50,30.0,Other,7.75,7.75,7.5,10.0
Arabica,United States (Hawaii),6,45.3592,Natural,7.83,7.83,7.75,10.0
Arabica,Mexico,10,1.0,Washed,7.75,7.67,7.5,10.0
Arabica,United States (Hawaii),7,45.3592,Natural,7.67,7.58,7.92,9.33
Arabica,United States (Hawaii),6,45.3592,Washed,7.33,7.58,7.67,10.0
Arabica,Brazil,320,60.0,Natural,7.58,7.5,7.67,10.0
Arabica,Brazil,320,60.0,Natural,7.5,7.58,7.58,10.0
Arabica,Brazil,320,60.0,Natural,7.5,7.67,7.58,10.0
Arabica,Uganda,310,60.0,Washed,7.67,7.58,7.83,10.0
Arabica,Uganda,325,60.0,Natural,7.67,7.67,7.42,10.0
Arabica,Vietnam,2,2.0,Other,7.75,7.67,7.42,9.33
Arabica,Guatemala,275,69.0,Washed,7.67,7.75,7.42,10.0
Arabica,Guatemala,200,69.0,Washed,7.75,7.67,7.5,10.0
Arabica,Guatemala,250,69.0,Washed,7.83,7.67,7.75,10.0
Arabica,Brazil,305,2.0,Natural,7.67,7.67,7.42,10.0
Arabica,Taiwan,10,60.0,Washed,7.92,7.92,7.33,10.0
Arabica,Uganda,300,60.0,Washed,7.83,7.58,7.58,10.0
Arabica,United States (Puerto Rico),17,2.26796,Washed,7.67,7.5,7.75,10.0
Arabica,Guatemala,26,69.0,Washed,7.67,7.67,7.5,10.0
Arabica,Costa Rica,250,1.0,Washed,7.67,7.58,7.5,10.0
Arabica,Brazil,250,2.0,Semi-Washed,7.75,7.58,7.42,10.0
Arabica,Colombia,120,70.0,Washed,7.75,7.42,7.58,10.0
Arabica,Colombia,250,70.0,Washed,7.83,7.5,7.5,10.0
Arabica,Colombia,250,70.0,Natural,7.33,7.67,7.75,10.0
Arabica,Colombia,250,70.0,Natural,7.58,7.75,7.58,10.0
Arabica,Colombia,275,70.0,Washed,7.5,7.5,7.75,10.0
Arabica,Mexico,15,1.0,Washed,7.67,7.58,7.67,10.0
Arabica,Mexico,20,1.0,Semi-Washed,7.67,7.83,7.58,9.33
Arabica,Mexico,250,1.0,Washed,7.5,7.67,7.58,10.0
Arabica,Colombia,250,70.0,Natural,7.67,7.58,7.75,10.0
Arabica,Colombia,250,70.0,Washed,7.75,7.58,7.83,9.33
Arabica,Guatemala,275,1.0,Washed,7.5,7.67,7.5,10.0
Arabica,Colombia,121,1.0,Washed,7.67,7.67,7.67,10.0
Arabica,Brazil,320,60.0,Natural,7.67,7.58,7.58,10.0
Arabica,El Salvador,100,69.0,Washed,7.5,7.5,7.92,10.0
Arabica,Colombia,129,70.0,Washed,7.58,7.67,7.67,10.0
Arabica,Taiwan,10,20.0,Natural,7.17,7.83,7.67,10.0
Arabica,Ethiopia,250,60.0,Washed,7.58,7.58,7.58,10.0
Arabica,Taiwan,11,2.0,Natural,7.5,7.58,7.5,10.0
Arabica,Philippines,250,2.0,Washed,7.58,7.58,7.5,10.0
Arabica,Philippines,4,2.0,Washed,8.08,7.5,7.33,10.0
Arabica,Mexico,11,2.0,Natural,7.83,7.67,7.5,10.0
Arabica,Mexico,275,2.0,Washed,7.75,7.67,7.75,10.0
Arabica,Brazil,300,2.0,Semi-Washed,7.08,7.5,7.75,10.0
Arabica,Uganda,1,60.0,Washed,8.0,7.5,7.33,10.0
Arabica,Uganda,1,60.0,Washed,7.75,7.58,7.5,10.0
Arabica,Guatemala,250,69.0,Washed,7.75,7.5,7.67,10.0
Arabica,Guatemala,26,69.0,Natural,7.67,7.83,7.33,10.0
Arabica,Guatemala,1,2.0,Washed,7.58,7.58,7.58,10.0
Arabica,Colombia,250,70.0,Washed,7.58,7.5,7.58,10.0
Arabica,Colombia,250,70.0,Natural,7.75,7.5,7.75,10.0
Arabica,Guatemala,250,69.0,Washed,7.83,7.75,7.5,10.0
Arabica,Colombia,250,70.0,Washed,7.83,7.67,7.5,10.0
Arabica,Mexico,15,1.0,Natural,7.58,7.58,7.58,10.0
Arabica,Vietnam,1,2.0,Natural,7.67,7.33,8.08,10.0
Arabica,Mexico,100,1.0,Washed,8.0,7.92,7.67,9.33
Arabica,United States (Hawaii),8,45.3592,Washed,7.5,7.5,7.67,10.0
Arabica,Kenya,27,50.0,Washed,7.75,7.58,7.5,10.0
Arabica,Guatemala,50,69.0,Washed,7.5,7.58,7.58,10.0
Arabica,Brazil,320,60.0,Pulped-Natural,7.67,7.58,7.5,10.0
Arabica,El Salvador,275,69.0,Washed,7.33,7.67,7.33,10.0
Arabica,Rwanda,150,60.0,Washed,7.83,7.92,7.75,9.33
Arabica,Vietnam,3,2.0,Other,7.25,7.58,7.75,10.0
Arabica,Guatemala,80,69.0,Washed,7.58,7.58,7.67,10.0
Arabica,Brazil,300,60.0,Natural,7.58,7.83,7.42,10.0
Arabica,Colombia,100,24.0,Washed,7.83,7.67,7.5,10.0
Arabica,United States,300,60.0,Other,7.42,7.58,7.75,10.0
Arabica,Guatemala,250,69.0,Washed,7.67,7.67,7.42,10.0
Arabica,Colombia,40,1.0,Natural,7.5,7.42,7.58,10.0
Arabica,Colombia,125,70.0,Washed,7.83,7.5,7.5,10.0
Arabica,"Tanzania, United Republic Of",300,2.0,Washed,7.67,7.5,7.58,10.0
Arabica,Mexico,250,1.0,Washed,7.58,7.67,7.5,10.0
Arabica,Mexico,250,1.0,Washed,7.67,7.58,7.42,10.0
Arabica,Guatemala,250,1.0,Washed,7.67,7.67,7.33,10.0
Arabica,Mexico,250,1.0,Washed,7.58,7.58,7.67,10.0
Arabica,Guatemala,275,69.0,Washed,7.5,7.58,7.58,10.0
Arabica,Guatemala,275,69.0,Washed,7.58,7.67,7.5,10.0
Arabica,Guatemala,50,69.0,Washed,7.5,7.67,7.67,10.0
Arabica,Guatemala,50,69.0,Washed,7.5,7.5,7.67,10.0
Arabica,Guatemala,25,69.0,Washed,7.42,7.58,7.5,10.0
Arabica,Indonesia,2,1.0,Other,7.5,7.58,7.58,10.0
Arabica,Guatemala,25,69.0,Washed,7.58,7.58,7.33,10.0
Arabica,Taiwan,8,10.0,Natural,7.83,7.67,7.58,9.33
Arabica,El Salvador,275,69.0,Washed,7.67,7.67,7.58,10.0
Arabica,Costa Rica,250,69.0,Washed,7.58,7.5,7.42,10.0
Arabica,Honduras,275,69.0,Natural,7.58,7.5,7.5,10.0
Arabica,Brazil,320,60.0,Pulped-Natural,7.5,7.5,7.58,10.0
Arabica,China,3,60.0,Natural,7.67,7.5,7.67,10.0
Arabica,China,3,60.0,Washed,7.5,7.67,7.5,10.0
Arabica,Colombia,250,70.0,Washed,7.5,7.58,7.33,10.0
Arabica,Malawi,29,60.0,Washed,7.75,7.58,7.33,10.0
Arabica,Guatemala,250,69.0,Washed,7.75,7.42,7.5,10.0
Arabica,Colombia,275,1.0,Washed,7.67,7.42,7.33,10.0
Arabica,United States (Hawaii),10,36.28736,Natural,7.67,7.58,7.33,10.0
Arabica,United States (Hawaii),6,45.3592,Natural,7.58,7.83,7.42,9.33
Arabica,Colombia,250,1.0,Washed,7.58,7.33,7.25,10.0
Arabica,Mexico,32,1.0,Washed,7.58,7.58,7.5,10.0
Arabica,Mexico,250,1.0,Washed,7.58,7.58,7.25,10.0
Arabica,Mexico,21,1.0,Natural,8.08,8.17,7.83,6.67
Arabica,Colombia,250,70.0,Washed,7.5,7.58,7.5,10.0
Arabica,Colombia,100,70.0,Washed,7.67,7.58,7.5,10.0
Arabica,United States (Hawaii),6,45.3592,Washed,7.25,7.75,7.67,9.33
Arabica,Panama,300,2.0,Washed,7.42,7.42,7.5,10.0
Arabica,Brazil,320,60.0,Natural,7.5,7.58,7.5,10.0
Arabica,Laos,60,50.0,Washed,7.67,7.67,7.42,10.0
Arabica,El Salvador,275,69.0,Washed,7.67,7.67,7.5,10.0
Arabica,Colombia,1,2.0,Washed,7.75,7.5,7.33,10.0
Arabica,Brazil,320,2.0,Natural,7.58,7.5,7.5,10.0
Arabica,Brazil,300,60.0,Natural,7.33,7.5,7.67,10.0
Arabica,"Tanzania, United Republic Of",93,60.0,Washed,7.5,7.5,7.5,10.0
Arabica,"Tanzania, United Republic Of",77,60.0,Washed,7.58,7.5,7.33,10.0
Arabica,Taiwan,10,60.0,Washed,8.0,7.83,7.25,10.0
Arabica,Mexico,11,1.0,Natural,7.67,7.58,7.42,10.0
Arabica,Uganda,1,60.0,Washed,7.67,7.5,7.5,10.0
Arabica,Taiwan,10,30.0,Washed,7.67,7.5,7.5,10.0
Arabica,Thailand,300,60.0,Washed,7.42,7.5,7.58,10.0
Arabica,Colombia,250,70.0,Washed,7.75,7.58,7.58,10.0
Arabica,El Salvador,288,1.0,Washed,7.92,8.0,7.92,10.0
Arabica,Guatemala,275,69.0,Washed,7.67,7.67,7.5,10.0
Arabica,Thailand,2,1.0,Washed,7.83,7.33,7.58,10.0
Arabica,Mexico,36,1.0,Washed,7.58,7.58,7.42,10.0
Arabica,Mexico,23,1.0,Washed,7.5,7.58,7.42,10.0
Arabica,Guatemala,25,69.0,Washed,7.5,7.42,7.5,10.0
Arabica,Taiwan,6,5.0,Pulped-Natural,7.67,7.42,7.58,10.0
Arabica,Brazil,198,59.0,Pulped-Natural,7.5,7.58,7.75,10.0
Arabica,Indonesia,150,2.0,Semi-Washed,7.83,7.58,7.42,10.0
Arabica,Thailand,1,1.0,Washed,7.75,7.33,7.42,10.0
Arabica,Thailand,50,20.0,Washed,7.42,7.58,7.58,10.0
Arabica,"Tanzania, United Republic Of",10,60.0,Washed,7.75,7.42,7.58,10.0
Arabica,Uganda,1,60.0,Natural,7.83,7.5,7.42,10.0
Arabica,Costa Rica,250,1.0,Washed,7.67,7.42,7.0,10.0
Arabica,Mexico,320,2.26796,Washed,7.58,7.58,7.67,9.33
Arabica,Guatemala,1,2.0,Natural,7.5,7.58,7.42,10.0
Arabica,Colombia,250,70.0,Washed,7.75,7.25,7.5,10.0
Arabica,Colombia,250,70.0,Washed,7.75,7.5,7.33,10.0
Arabica,Colombia,250,70.0,Washed,7.58,7.5,7.67,10.0
Arabica,Mexico,50,1.0,Washed,7.5,7.58,7.42,10.0
Arabica,Mexico,70,1.0,Washed,7.67,7.58,7.67,10.0
Arabica,Colombia,275,70.0,Washed,7.33,7.42,7.67,10.0
Arabica,Brazil,320,60.0,Natural,7.5,7.5,7.58,10.0
Arabica,Indonesia,2,1.0,Washed,7.83,7.75,7.42,10.0
Arabica,Honduras,275,69.0,Washed,7.58,7.58,7.5,10.0
Arabica,Thailand,1,1.0,Washed,7.5,7.83,7.33,9.33
Arabica,Thailand,50,20.0,Washed,7.33,7.5,7.67,10.0
Arabica,"Tanzania, United Republic Of",37,60.0,Washed,7.67,7.42,7.5,10.0
Arabica,"Tanzania, United Republic Of",5,60.0,Washed,7.75,7.0,7.58,10.0
Arabica,Mexico,2,2.0,Washed,7.42,7.58,7.25,10.0
Arabica,Brazil,69,60.0,Semi-Washed,7.42,7.5,7.42,10.0
Arabica,Guatemala,250,69.0,Washed,7.83,7.42,7.42,10.0
Arabica,Colombia,250,70.0,Washed,7.5,7.5,7.58,10.0
Arabica,Guatemala,250,69.0,Washed,7.83,7.67,7.5,10.0
Arabica,Mexico,10,1.0,Washed,7.5,7.58,7.42,10.0
Arabica,Mexico,10,1.0,Washed,7.67,7.5,7.5,10.0
Arabica,Mexico,28,1.0,Semi-Washed,7.92,7.5,7.25,10.0
Arabica,Guatemala,275,1.0,Natural,7.67,7.33,7.5,10.0
Arabica,Brazil,300,60.0,Semi-Washed,7.67,7.42,7.5,10.0
Arabica,Colombia,275,70.0,Washed,7.67,7.5,7.25,10.0
Arabica,United States (Hawaii),7,45.3592,Washed,7.33,7.42,7.42,10.0
Arabica,Honduras,1,2.0,Washed,7.42,7.67,7.58,10.0
Arabica,Guatemala,50,69.0,Washed,7.58,7.5,7.33,10.0
Arabica,Guatemala,50,69.0,Washed,7.67,7.58,7.42,10.0
Arabica,Guatemala,20,69.0,Washed,7.58,7.5,7.5,10.0
Arabica,Guatemala,275,69.0,Washed,7.5,7.42,7.67,10.0
Arabica,Colombia,43,70.0,Washed,5.08,7.75,7.83,10.0
Arabica,China,3,60.0,Washed,7.67,7.42,7.42,10.0
Arabica,"Tanzania, United Republic Of",10,60.0,Washed,7.67,7.25,7.67,10.0
Arabica,Brazil,320,2.0,Natural,7.17,7.83,7.75,10.0
Arabica,Guatemala,250,1.0,Washed,7.5,7.5,7.42,10.0
Arabica,Mexico,10,1.0,Washed,7.42,7.5,7.42,10.0
Arabica,Brazil,39,60.0,Semi-Washed,7.58,7.67,7.5,10.0
Arabica,Peru,320,2.26796,Washed,7.58,7.58,7.5,9.33
Arabica,Brazil,220,60.0,Natural,7.25,7.33,7.42,10.0
Arabica,Mexico,10,1.0,Washed,7.5,7.58,7.42,9.33
Arabica,Honduras,1,2.0,Washed,7.25,7.67,7.75,10.0
Arabica,Colombia,250,70.0,Washed,7.67,7.42,7.58,10.0
Arabica,Mexico,49,1.0,Washed,7.5,7.42,7.42,10.0
Arabica,Mexico,20,1.0,Semi-Washed,7.42,7.58,7.58,10.0
Arabica,Mexico,35,1.0,Washed,7.42,7.58,7.5,10.0
Arabica,Mexico,10,1.0,Washed,7.75,7.33,7.58,10.0
Arabica,Mexico,74,1.0,Washed,7.5,7.58,7.5,10.0
Arabica,Mexico,26,1.0,Washed,7.58,7.58,7.5,10.0
Arabica,Mexico,10,1.0,Washed,7.58,7.33,7.5,10.0
Arabica,Mexico,1,1.0,Washed,7.67,7.58,7.58,10.0
Arabica,Mexico,10,1.0,Washed,7.83,7.5,7.17,10.0
Arabica,Colombia,250,70.0,Natural,7.67,7.33,7.5,10.0
Arabica,Brazil,51,60.0,Natural,7.75,7.5,7.5,10.0
Arabica,Colombia,250,70.0,Washed,7.33,7.58,7.42,10.0
Arabica,Honduras,275,69.0,Washed,7.5,7.58,7.42,10.0
Arabica,Brazil,320,2.0,Natural,7.33,7.5,7.5,10.0
Arabica,Brazil,305,59.0,Natural,7.42,7.42,7.5,10.0
Arabica,Brazil,320,60.0,Natural,7.5,7.5,7.42,10.0
Arabica,Costa Rica,100,69.0,Washed,7.75,7.5,7.42,10.0
Arabica,Costa Rica,130,69.0,Washed,7.75,7.33,7.33,10.0
Arabica,China,3,60.0,Pulped-Natural,7.5,7.58,7.42,10.0
Arabica,Brazil,12,2.0,Natural,8.25,7.83,8.17,10.0
Arabica,Brazil,300,60.0,Natural,7.42,7.5,7.5,10.0
Arabica,Guatemala,275,69.0,Washed,7.5,7.42,7.5,10.0
Arabica,Malawi,10,60.0,Washed,7.33,7.58,7.33,10.0
Arabica,Brazil,10,2.0,Natural,7.75,8.08,8.08,10.0
Arabica,Guatemala,250,69.0,Washed,7.58,7.67,7.75,9.33
Arabica,Mexico,320,2.26796,Washed,7.33,7.58,7.5,10.0
Arabica,Colombia,250,3.0,Washed,7.42,7.33,7.08,10.0
Arabica,Taiwan,10,20.0,Semi-Washed,7.5,7.5,7.5,10.0
Arabica,Taiwan,10,30.0,Washed,7.5,7.5,7.5,10.0
Arabica,Guatemala,250,69.0,Washed,7.5,7.42,7.5,10.0
Arabica,Colombia,250,70.0,Washed,7.5,7.42,7.5,10.0
Arabica,Mexico,250,1.0,Washed,7.67,7.5,7.42,10.0
Arabica,Costa Rica,275,1.0,Washed,7.92,7.58,7.92,9.33
Arabica,Guatemala,275,69.0,Washed,7.67,7.5,7.5,10.0
Arabica,Mexico,10,1.0,Natural,7.58,7.67,7.0,10.0
Arabica,Mexico,10,1.0,Washed,7.67,7.58,7.5,10.0
Arabica,Guatemala,250,1.0,Washed,7.5,7.67,7.33,10.0
Arabica,Brazil,16,60.0,Natural,7.58,7.5,7.5,10.0
Arabica,Mexico,10,1.0,Washed,8.0,7.75,7.08,9.33
Arabica,Brazil,44,60.0,Washed,7.58,7.58,7.42,10.0
Arabica,Colombia,250,70.0,Natural,7.83,7.58,7.58,10.0
Arabica,Brazil,1062,5.0,Washed,7.58,7.5,7.67,10.0
Arabica,Guatemala,275,69.0,Washed,7.67,7.5,7.42,10.0
Arabica,Brazil,180,2.0,Natural,7.42,7.67,7.5,10.0
Arabica,El Salvador,275,1.0,Washed,7.58,7.67,7.83,9.33
Arabica,Honduras,275,1.0,Washed,7.58,7.5,7.42,10.0
Arabica,Malawi,10,60.0,Washed,7.58,7.42,7.58,10.0
Arabica,Brazil,320,2.0,Natural,7.75,7.58,7.33,10.0
Arabica,Taiwan,35,60.0,Washed,7.5,7.5,7.5,10.0
Arabica,Mexico,150,1.0,Washed,7.58,7.58,7.42,10.0
Arabica,United States (Hawaii),6,45.3592,Natural,7.33,7.42,7.5,10.0
Arabica,Mexico,10,1.0,Washed,7.58,7.58,7.42,10.0
Arabica,Guatemala,275,69.0,Washed,7.5,7.5,7.67,10.0
Arabica,Mexico,10,1.0,Washed,7.5,7.58,7.33,10.0
Arabica,Mexico,40,1.0,Washed,7.67,7.58,7.42,10.0
Arabica,El Salvador,288,1.0,Washed,7.75,7.33,7.5,10.0
Arabica,Mexico,250,1.0,Washed,7.33,7.58,7.33,10.0
Arabica,Mexico,250,1.0,Washed,7.42,7.5,7.42,10.0
Arabica,Colombia,250,70.0,Washed,7.5,7.42,7.58,10.0
Arabica,Colombia,100,70.0,Washed,7.67,7.33,7.5,10.0
Arabica,Brazil,84,60.0,Natural,7.67,7.58,7.5,10.0
Arabica,Brazil,320,60.0,Natural,7.42,7.42,7.42,10.0
Arabica,Honduras,200,69.0,Washed,7.5,7.5,7.5,10.0
Arabica,"Tanzania, United Republic Of",30,80.0,Washed,7.58,7.42,7.5,10.0
Arabica,"Tanzania, United Republic Of",300,60.0,Washed,7.42,7.42,7.5,10.0
Arabica,Brazil,320,2.0,Natural,6.92,7.58,7.83,10.0
Arabica,Thailand,1,1.0,Washed,7.42,7.42,7.25,10.0
Arabica,Honduras,275,1.0,Washed,7.67,7.5,7.58,10.0
Arabica,Guatemala,250,69.0,Washed,7.42,7.42,7.42,10.0
Arabica,Brazil,300,60.0,Natural,7.58,7.5,7.5,10.0
Arabica,"Tanzania, United Republic Of",10,60.0,Washed,7.75,7.42,7.33,10.0
Arabica,Mexico,200,1.0,Washed,7.42,7.33,7.33,10.0
Arabica,Mexico,2,2.0,Washed,7.5,7.5,7.5,10.0
Arabica,Taiwan,60,60.0,Other,7.5,7.5,7.5,10.0
Arabica,Taiwan,80,10.0,Washed,7.67,7.5,7.17,10.0
Arabica,Colombia,250,70.0,Washed,7.33,7.25,7.75,10.0
Arabica,Mexico,10,1.0,Washed,7.5,7.67,7.33,10.0
Arabica,Guatemala,250,1.0,Washed,7.25,7.75,8.17,10.0
Arabica,Mexico,200,1.0,Washed,7.5,7.58,7.5,10.0
Arabica,Mexico,60,1.0,Washed,7.0,7.67,7.42,10.0
Arabica,Indonesia,2,1.0,Washed,7.5,7.5,7.5,10.0
Arabica,Colombia,275,70.0,Washed,7.75,7.58,7.83,9.33
Arabica,Brazil,320,60.0,Natural,7.42,7.58,7.42,10.0
Arabica,Brazil,320,2.0,Natural,7.25,7.25,7.25,10.0
Arabica,Costa Rica,275,350.0,Washed,7.75,7.42,7.17,10.0
Arabica,"Tanzania, United Republic Of",300,2.0,Washed,7.42,7.33,7.5,10.0
Arabica,"Tanzania, United Republic Of",1,60.0,Washed,7.42,7.5,7.33,10.0
Arabica,Colombia,1,2.26796,Washed,7.5,7.42,7.67,10.0
Arabica,Costa Rica,150,69.0,Washed,7.58,7.33,7.5,10.0
Arabica,United States (Hawaii),4,45.3592,Natural,7.25,7.58,7.5,10.0
Arabica,Mexico,35,1.0,Washed,7.42,7.58,7.42,10.0
Arabica,Mexico,250,1.0,Washed,7.5,7.42,7.25,10.0
Arabica,Mexico,15,1.0,Washed,7.67,7.5,7.42,10.0
Arabica,Vietnam,1,2.0,Natural,7.67,8.0,7.67,10.0
Arabica,Mexico,250,1.0,Washed,7.58,7.42,7.33,10.0
Arabica,United States (Hawaii),10,45.3592,Washed,7.33,7.5,7.08,10.0
Arabica,Honduras,275,69.0,Washed,7.5,7.5,7.5,10.0
Arabica,Honduras,275,69.0,Natural,7.5,7.5,7.42,10.0
Arabica,Brazil,230,60.0,Natural,7.5,7.33,7.33,10.0
Arabica,"Tanzania, United Republic Of",2,80.0,Washed,7.67,7.33,7.42,10.0
Arabica,Laos,1,2.0,Washed,7.42,7.5,7.5,10.0
Arabica,"Tanzania, United Republic Of",1,60.0,Washed,7.42,7.42,7.33,10.0
Arabica,Malawi,16,60.0,Washed,7.5,7.42,7.33,10.0
Arabica,Taiwan,50,20.0,Washed,7.33,7.5,7.5,10.0
Arabica,Thailand,1,1.0,Washed,7.58,7.5,7.33,10.0
Arabica,Costa Rica,250,1.0,Washed,7.5,7.25,7.75,10.0
Arabica,Honduras,275,69.0,Washed,7.33,7.33,7.5,10.0
Arabica,Colombia,250,70.0,Washed,7.33,7.33,7.5,10.0
Arabica,Taiwan,30,10.0,Washed,7.42,7.58,8.0,9.33
Arabica,Brazil,1,2.0,Natural,7.33,7.67,7.33,10.0
Arabica,Mexico,15,1.0,Washed,7.67,7.33,7.42,10.0
Arabica,Brazil,50,60.0,Natural,7.42,7.5,7.33,10.0
Arabica,Brazil,75,60.0,Semi-Washed,7.42,7.5,7.5,10.0
Arabica,Guatemala,250,1.0,Natural,7.33,7.33,7.67,10.0
Arabica,Brazil,53,60.0,Semi-Washed,7.58,7.5,7.5,10.0
Arabica,Guatemala,250,2.0,Washed,7.75,7.33,7.75,10.0
Arabica,Guatemala,25,69.0,Washed,7.58,7.5,7.58,9.33
Arabica,Guatemala,50,69.0,Washed,7.5,7.5,7.42,10.0
Arabica,Honduras,274,67.0,Washed,7.58,7.5,7.42,10.0
Arabica,Brazil,305,59.0,Natural,7.42,7.33,7.5,10.0
Arabica,El Salvador,275,69.0,Washed,7.67,7.58,7.5,10.0
Arabica,Guatemala,275,69.0,Washed,7.58,7.58,7.17,10.0
Arabica,"Tanzania, United Republic Of",114,60.0,Washed,7.33,7.33,7.5,10.0
Arabica,Nicaragua,275,2.26796,Washed,7.58,7.42,7.5,10.0
Arabica,Zambia,13,2.0,Washed,7.67,7.08,7.75,10.0
Arabica,Honduras,1,2.0,Washed,7.42,7.33,7.33,10.0
Arabica,Taiwan,35,30.0,Other,7.5,7.5,7.5,10.0
Arabica,Mexico,450,1.0,Washed,7.58,7.5,7.5,10.0
Arabica,Mexico,10,1.0,Semi-Washed,7.5,7.5,7.5,10.0
Arabica,Mexico,10,1.0,Washed,7.5,7.42,7.33,10.0
Arabica,Mexico,30,1.0,Washed,7.33,7.58,7.42,10.0
Arabica,Mexico,62,1.0,Washed,7.67,7.42,7.5,9.33
Arabica,Brazil,8,60.0,Natural,7.42,7.58,7.33,10.0
Arabica,Guatemala,25,69.0,Washed,7.42,7.5,7.33,10.0
Arabica,Costa Rica,15,46.0,Pulped-Natural,7.25,7.33,7.67,10.0
Arabica,Brazil,200,59.0,Natural,7.42,7.5,7.42,10.0
Arabica,Indonesia,166,30.0,Other,7.75,7.83,7.92,10.0
Arabica,Guatemala,130,69.0,Washed,7.58,7.5,7.58,10.0
Arabica,Brazil,320,2.0,Natural,7.17,7.58,7.75,10.0
Arabica,Brazil,300,2.0,Natural,7.58,7.0,7.67,10.0
Arabica,Myanmar,1,2.0,Washed,7.33,7.58,7.33,10.0
Arabica,Mexico,250,2.0,Washed,7.58,7.5,7.17,10.0
Arabica,Honduras,275,1.0,Washed,7.5,7.5,7.42,10.0
Arabica,Costa Rica,275,18975.0,Washed,7.67,7.5,7.08,10.0
Arabica,Taiwan,8,5.0,Washed,7.67,7.33,7.75,10.0
Arabica,Indonesia,300,10.0,Other,7.42,7.42,7.42,10.0
Arabica,Malawi,24,60.0,Washed,7.58,7.42,7.33,10.0
Arabica,Brazil,320,2.0,Natural,7.33,7.58,7.83,10.0
Arabica,Honduras,275,1.0,Natural,7.5,7.5,7.33,10.0
Arabica,Mexico,280,2.0,Washed,7.42,7.42,7.33,10.0
Arabica,Colombia,50,70.0,Washed,7.5,7.5,7.5,10.0
Arabica,United States (Hawaii),19,45.3592,Natural,7.83,7.83,7.83,10.0
Arabica,Brazil,300,60.0,Semi-Washed,7.75,7.75,7.83,9.33
Arabica,Guatemala,250,69.0,Washed,7.83,7.67,7.67,9.33
Arabica,Mexico,302,1.0,Washed,7.83,7.33,7.25,10.0
Arabica,Mexico,15,1.0,Semi-Washed,7.33,7.33,7.5,10.0
Arabica,Vietnam,1,2.0,Washed,7.0,7.08,7.5,10.0
Arabica,Brazil,1,2.26796,Natural,7.17,7.25,7.42,10.0
Arabica,Mexico,10,1.0,Washed,7.5,7.5,7.25,10.0
Arabica,Mexico,100,1.0,Washed,7.42,7.5,7.33,10.0
Arabica,Mexico,42,1.0,Washed,7.42,7.5,7.33,10.0
Arabica,Mexico,250,1.0,Washed,7.33,7.42,7.42,10.0
Arabica,Mexico,28,1.0,Washed,7.5,7.42,7.67,10.0
Arabica,Colombia,250,70.0,Washed,7.33,7.42,7.5,10.0
Arabica,Brazil,320,60.0,Natural,7.42,7.5,7.5,10.0
Arabica,Guatemala,50,69.0,Washed,7.42,7.42,7.33,10.0
Arabica,Guatemala,80,69.0,Washed,7.42,7.33,7.33,10.0
Arabica,Honduras,275,69.0,Washed,7.58,7.5,7.42,10.0
Arabica,Brazil,320,2.0,Natural,7.25,7.75,7.5,10.0
Arabica,"Tanzania, United Republic Of",20,60.0,Washed,7.42,7.33,7.5,10.0
Arabica,"Tanzania, United Republic Of",10,60.0,Washed,7.33,7.33,7.42,10.0
Arabica,Brazil,300,2.0,Washed,7.25,7.42,7.5,10.0
Arabica,Indonesia,320,4.0,Semi-Washed,7.17,7.42,7.33,10.0
Arabica,Honduras,275,1.0,Natural,7.5,7.33,7.17,10.0
Arabica,Costa Rica,275,69.0,Washed,7.5,7.17,7.5,10.0
Arabica,Mexico,320,2.26796,Washed,7.42,7.42,7.58,9.33
Arabica,Taiwan,10,30.0,Semi-Washed,7.5,7.5,7.42,10.0
Arabica,Taiwan,10,30.0,Washed,7.58,7.42,7.33,10.0
Arabica,Mexico,310,1.0,Washed,7.5,7.42,7.33,10.0
Arabica,Guatemala,275,69.0,Washed,7.5,7.67,7.33,10.0
Arabica,Mexico,100,1.0,Washed,7.25,7.67,7.67,8.67
Arabica,Mexico,15,1.0,Washed,7.67,7.25,7.5,10.0
Arabica,Mexico,275,1.0,Washed,7.5,7.42,7.42,10.0
Arabica,Mexico,250,1.0,Washed,7.58,7.42,7.25,10.0
Arabica,Mexico,12,1.0,Semi-Washed,7.75,7.58,7.58,9.33
Arabica,United States (Hawaii),13,45.3592,Washed,7.42,7.33,7.17,10.0
Arabica,Honduras,275,69.0,Washed,7.5,7.42,7.5,10.0
Arabica,Guatemala,25,69.0,Washed,7.42,7.42,7.42,10.0
Arabica,Taiwan,20,50.0,Washed,7.42,7.42,7.33,10.0
Arabica,Costa Rica,250,69.0,Washed,7.58,7.42,7.08,10.0
Arabica,"Tanzania, United Republic Of",100,60.0,Washed,7.42,7.42,7.42,10.0
Arabica,Malawi,10,60.0,Washed,7.42,7.42,7.33,10.0
Arabica,Taiwan,50,20.0,Semi-Washed,7.33,7.17,8.33,10.0
Arabica,Brazil,300,60.0,Washed,7.42,7.42,7.5,10.0
Arabica,Guatemala,250,69.0,Washed,7.42,7.33,7.42,10.0
Arabica,Mexico,310,1.0,Washed,7.67,7.5,6.75,10.0
Arabica,Mexico,28,1.0,Natural,7.33,7.5,7.5,10.0
Arabica,Mexico,28,1.0,Natural,7.67,7.58,7.58,10.0
Arabica,Guatemala,50,69.0,Washed,7.67,7.58,7.33,9.33
Arabica,Nicaragua,550,69.0,Other,7.5,7.42,7.25,10.0
Arabica,Honduras,275,69.0,Washed,7.5,7.5,7.17,10.0
Arabica,Taiwan,123,2.0,Natural,7.5,7.42,7.58,10.0
Arabica,Myanmar,1,1.0,Washed,7.25,7.42,7.33,10.0
Arabica,Costa Rica,250,1.0,Washed,7.83,7.33,7.33,10.0
Arabica,Malawi,15,60.0,Washed,7.67,7.42,7.5,10.0
Arabica,Guatemala,250,69.0,Washed,7.5,7.42,7.25,10.0
Arabica,Taiwan,50,20.0,Washed,7.42,7.33,7.42,10.0
Arabica,Brazil,300,60.0,Semi-Washed,7.58,7.5,7.67,9.33
Arabica,Haiti,300,1.814368,Washed,7.42,7.33,7.42,10.0
Arabica,Taiwan,5,30.0,Other,7.5,7.42,7.33,10.0
Arabica,Mexico,250,1.0,Washed,7.33,7.33,7.5,10.0
Arabica,Mexico,30,1.0,Washed,7.42,7.25,7.17,10.0
Arabica,Mexico,20,1.0,Semi-Washed,7.33,7.5,7.33,10.0
Arabica,Mexico,50,80.0,Washed,7.42,7.42,7.25,10.0
Arabica,Mexico,15,1.0,Natural,7.5,7.5,7.42,9.33
Arabica,Indonesia,10,60.0,Washed,7.75,7.17,7.58,10.0
Arabica,Brazil,300,1.0,Semi-Washed,7.5,7.42,7.5,10.0
Arabica,Guatemala,250,1.0,Washed,7.33,7.5,7.17,10.0
Arabica,Mexico,200,69.0,Washed,7.58,7.33,7.5,10.0
Arabica,Guatemala,450,69.0,Washed,7.42,7.33,7.33,10.0
Arabica,Brazil,300,60.0,Natural,7.33,7.5,6.83,10.0
Arabica,Honduras,275,1.0,Washed,7.5,7.33,7.5,10.0
Arabica,Taiwan,10,60.0,Washed,7.83,7.75,7.08,10.0
Arabica,Malawi,12,60.0,Washed,7.58,7.17,7.08,10.0
Arabica,Brazil,320,2.0,Natural,7.25,7.5,7.33,10.0
Arabica,Guatemala,250,69.0,Washed,7.42,7.5,7.42,10.0
Arabica,Mexico,280,2.0,Washed,7.67,7.33,7.25,10.0
Arabica,Peru,280,2.26796,Washed,7.42,7.42,7.42,10.0
Arabica,Mexico,10,1.0,Washed,7.42,7.33,7.25,10.0
Arabica,Mexico,20,1.0,Washed,7.42,7.42,7.5,10.0
Arabica,Colombia,250,70.0,Natural,7.5,7.42,7.17,10.0
Arabica,Colombia,230,70.0,Washed,7.5,7.33,7.33,10.0
Arabica,Brazil,300,60.0,Natural,7.25,7.33,7.33,10.0
Arabica,Honduras,275,1.0,Washed,7.58,7.42,7.17,10.0
Arabica,Brazil,300,60.0,Other,7.17,7.33,7.42,10.0
Arabica,Philippines,2,2.0,Washed,7.08,7.33,7.33,10.0
Arabica,Malawi,31,60.0,Washed,7.75,7.33,7.33,10.0
Arabica,Honduras,275,1.0,Washed,7.33,7.33,7.5,10.0
Arabica,Mexico,70,1.0,Washed,7.33,7.25,7.58,10.0
Arabica,Brazil,42,5.0,Natural,7.5,7.58,7.75,9.33
Arabica,Taiwan,20,50.0,Natural,7.83,7.75,7.83,9.33
Arabica,Brazil,320,2.0,Natural,7.17,7.42,6.92,10.0
Arabica,Nicaragua,275,69.0,Washed,7.08,7.5,7.42,10.0
Arabica,Honduras,275,1.0,Washed,7.42,7.17,7.33,10.0
Arabica,Guatemala,36,24.94756,Washed,7.33,7.42,7.42,10.0
Arabica,"Tanzania, United Republic Of",100,60.0,Washed,7.33,7.17,7.25,10.0
Arabica,Taiwan,10,30.0,Semi-Washed,7.5,7.5,7.25,10.0
Arabica,Guatemala,250,69.0,Washed,7.5,7.33,7.0,10.0
Arabica,Mexico,250,1.0,Washed,7.42,7.42,7.5,9.33
Arabica,Nicaragua,275,69.0,Washed,7.33,7.5,7.58,10.0
Arabica,"Tanzania, United Republic Of",100,60.0,Washed,7.67,7.17,7.5,10.0
Arabica,Mexico,275,1.0,Washed,7.75,7.58,7.08,10.0
Arabica,Costa Rica,275,18975.0,Washed,7.5,7.5,7.08,10.0
Arabica,Honduras,275,1.0,Natural,7.42,7.33,7.33,10.0
Arabica,Thailand,20,20.0,Washed,6.83,7.42,7.5,10.0
Arabica,Philippines,2,2.0,Natural,7.25,7.25,7.58,10.0
Arabica,"Tanzania, United Republic Of",320,60.0,Washed,7.58,7.17,7.33,10.0
Arabica,Malawi,300,60.0,Washed,7.58,7.25,7.33,10.0
Arabica,Costa Rica,250,1.0,Washed,7.33,7.08,7.33,10.0
Arabica,Brazil,300,1.0,Natural,7.42,7.42,7.33,10.0
Arabica,Mexico,250,1.0,Natural,7.42,7.25,7.42,10.0
Arabica,Guatemala,250,1.0,Washed,7.42,7.25,7.25,10.0
Arabica,Brazil,17,60.0,Natural,7.42,7.33,7.5,10.0
Arabica,Ethiopia,300,60.0,Natural,7.42,7.33,7.42,10.0
Arabica,Brazil,500,60.0,Natural,7.58,7.42,7.75,9.33
Arabica,Nicaragua,275,69.0,Washed,7.33,7.33,7.33,10.0
Arabica,United States,1,2.26796,Natural,7.42,7.17,7.25,10.0
Arabica,"Tanzania, United Republic Of",54,60.0,Washed,7.42,7.33,7.25,10.0
Arabica,Costa Rica,250,1.0,Washed,7.42,7.25,7.25,10.0
Arabica,United States (Puerto Rico),18,2.26796,Washed,7.67,7.75,7.58,6.67
Arabica,Mexico,100,1.0,Washed,7.25,7.42,7.17,10.0
Arabica,Mexico,30,1.0,Washed,7.33,7.25,7.25,10.0
Arabica,Mexico,40,1.0,Washed,7.33,7.33,7.25,10.0
Arabica,Mexico,15,1.0,Washed,7.42,7.33,7.17,10.0
Arabica,United States (Hawaii),2,45.3592,Washed,7.42,7.42,6.92,10.0
Arabica,Brazil,300,59.0,Pulped-Natural,7.25,7.25,7.33,10.0
Arabica,El Salvador,100,69.0,Washed,7.42,7.08,7.25,10.0
Arabica,Brazil,300,59.0,Pulped-Natural,7.33,7.17,7.33,10.0
Arabica,Guatemala,120,69.0,Washed,7.42,7.25,7.25,10.0
Arabica,Colombia,43,70.0,Washed,7.67,7.5,7.67,10.0
Arabica,Guatemala,250,69.0,Washed,7.5,7.25,7.5,10.0
Arabica,Taiwan,10,5.0,Washed,7.25,7.17,7.5,10.0
Arabica,Honduras,275,18975.0,Natural,7.42,7.25,7.25,10.0
Arabica,Brazil,300,60.0,Natural,7.67,7.75,7.83,10.0
Arabica,"Tanzania, United Republic Of",1,60.0,Washed,7.33,7.33,7.17,10.0
Arabica,Uganda,320,60.0,Natural,7.33,6.92,7.42,10.0
Arabica,Taiwan,10,30.0,Semi-Washed,7.5,6.92,7.33,10.0
Arabica,Thailand,2,1.0,Washed,7.33,7.42,7.25,10.0
Arabica,Mexico,10,1.0,Washed,7.08,7.33,7.42,10.0
Arabica,Mexico,200,1.0,Washed,7.58,7.67,7.58,8.0
Arabica,Taiwan,150,1.0,Washed,7.33,7.17,7.33,10.0
Arabica,Guatemala,25,69.0,Washed,7.67,7.67,7.67,9.33
Arabica,Kenya,150,60.0,Washed,7.17,7.58,8.0,10.0
Arabica,Mexico,240,69.0,Washed,7.5,7.33,7.5,9.33
Arabica,Myanmar,2,2.0,Other,7.17,7.42,7.33,10.0
Arabica,United States (Hawaii),7,45.3592,Natural,7.42,7.08,7.58,10.0
Arabica,"Tanzania, United Republic Of",250,60.0,Washed,7.33,7.17,7.42,10.0
Arabica,Brazil,300,60.0,Natural,7.25,7.33,7.25,10.0
Arabica,Taiwan,10,60.0,Washed,7.92,7.67,7.08,10.0
Arabica,Brazil,320,2.0,Natural,7.17,7.42,7.25,10.0
Arabica,Nicaragua,275,0.453592,Washed,7.33,7.08,7.5,10.0
Arabica,Guatemala,250,69.0,Washed,7.58,7.42,7.25,10.0
Arabica,Taiwan,35,30.0,Washed,7.42,7.25,7.25,10.0
Arabica,Taiwan,5,30.0,Other,7.25,7.17,7.08,10.0
Arabica,Taiwan,10,20.0,Washed,7.42,7.25,7.25,10.0
Arabica,Mexico,60,1.0,Washed,7.58,7.33,7.17,10.0
Arabica,Laos,20,50.0,Washed,7.42,7.33,7.17,10.0
Arabica,Guatemala,250,1.0,Washed,7.67,7.25,7.17,10.0
Arabica,Mexico,15,1.0,Semi-Washed,7.17,7.08,7.25,10.0
Arabica,Mexico,100,1.0,Washed,7.5,7.17,7.17,10.0
Arabica,United States (Hawaii),7,45.3592,Washed,7.42,7.33,7.33,10.0
Arabica,Brazil,320,60.0,Natural,7.17,7.25,7.25,10.0
Arabica,Myanmar,1,2.0,Washed,6.92,7.5,7.5,10.0
Arabica,Guatemala,275,69.0,Washed,7.5,7.33,7.17,10.0
Arabica,Nicaragua,275,69.0,Washed,7.25,7.25,7.33,10.0
Arabica,Honduras,275,1.0,Natural,7.5,7.33,7.25,10.0
Arabica,Panama,100,60.0,Other,7.25,7.33,7.33,10.0
Arabica,Honduras,275,1.0,Washed,7.42,7.17,7.25,10.0
Arabica,Honduras,275,1.0,Natural,7.25,7.33,7.25,10.0
Arabica,Costa Rica,250,1.360776,Washed,7.33,7.33,7.17,10.0
Arabica,Mexico,30,1.0,Washed,7.58,7.33,7.5,9.33
Arabica,Haiti,1,2.0,Washed,7.42,7.0,7.08,10.0
Arabica,United States (Hawaii),3,0.907184,Natural,7.08,7.33,7.33,10.0
Arabica,Taiwan,160,1.0,Other,7.33,7.08,7.42,10.0
Arabica,Indonesia,200,30.0,Semi-Washed,7.58,7.42,7.5,9.33
Arabica,Guatemala,150,60.0,Washed,7.67,7.42,7.42,10.0
Arabica,Costa Rica,240,1.0,Washed,7.83,7.5,7.83,6.67
Arabica,Malawi,100,60.0,Washed,7.5,7.25,7.25,10.0
Arabica,Mexico,20,1.0,Washed,7.25,7.17,7.17,10.0
Arabica,Colombia,250,70.0,Natural,7.67,7.5,7.5,10.0
Arabica,Guatemala,250,69.0,Washed,7.67,7.17,7.0,10.0
Arabica,Guatemala,250,1.0,Washed,7.0,7.33,7.0,10.0
Arabica,Guatemala,250,1.0,Washed,7.0,7.5,7.17,10.0
Arabica,"Tanzania, United Republic Of",10,60.0,Washed,7.25,7.08,7.33,10.0
Arabica,Brazil,300,2.0,Semi-Washed,7.42,7.25,7.08,10.0
Arabica,Honduras,275,69.0,Washed,7.5,7.17,7.33,10.0
Arabica,Guatemala,275,69.0,Natural,7.17,7.42,7.17,10.0
Arabica,Taiwan,20,5.0,Natural,7.17,7.17,7.17,10.0
Arabica,Guatemala,275,69.0,Washed,7.33,7.25,7.25,10.0
Arabica,Honduras,15,69.0,Washed,7.58,7.33,7.33,10.0
Arabica,Brazil,300,60.0,Semi-Washed,7.25,7.33,7.33,9.33
Arabica,Myanmar,1,2.0,Washed,7.17,7.33,7.25,10.0
Arabica,Guatemala,275,69.0,Washed,7.5,7.17,7.17,10.0
Arabica,Brazil,300,60.0,Semi-Washed,7.42,7.42,7.67,9.33
Arabica,United States (Hawaii),10,45.3592,Natural,7.42,7.33,7.58,8.67
Arabica,Guatemala,250,1.0,Washed,7.5,7.5,7.17,10.0
Arabica,Mexico,18,1.0,Washed,7.25,7.25,7.25,10.0
Arabica,Taiwan,10,60.0,Washed,7.58,7.17,7.17,10.0
Arabica,El Salvador,2,2.0,Washed,7.33,7.17,7.33,10.0
Arabica,China,1,2.0,Washed,7.25,7.08,7.33,10.0
Arabica,Taiwan,10,30.0,Washed,7.25,7.25,7.25,10.0
Arabica,Mexico,250,1.0,Washed,6.92,7.17,7.33,10.0
Arabica,Mexico,250,1.0,Washed,7.42,7.08,7.25,10.0
Arabica,"Tanzania, United Republic Of",10,60.0,Washed,7.25,7.17,7.42,10.0
Arabica,"Tanzania, United Republic Of",1,60.0,Washed,7.25,7.17,7.25,10.0
Arabica,Taiwan,10,30.0,Other,7.25,7.25,7.25,10.0
Arabica,Guatemala,250,69.0,Washed,7.33,7.33,7.0,10.0
Arabica,Mexico,10,1.0,Semi-Washed,7.25,7.08,7.33,10.0
Arabica,United States (Hawaii),10,45.3592,Washed,7.17,7.5,7.67,9.33
Arabica,Brazil,440,59.0,Natural,7.17,7.33,7.0,10.0
Arabica,Honduras,275,69.0,Natural,7.25,7.25,7.42,10.0
Arabica,Mexico,60,69.0,Washed,7.25,7.17,7.33,10.0
Arabica,Myanmar,2,2.0,Natural,8.0,7.08,7.08,10.0
Arabica,Myanmar,1,2.0,Natural,7.42,7.0,7.17,10.0
Arabica,Nicaragua,275,69.0,Washed,7.08,6.92,7.5,10.0
Arabica,United States (Hawaii),2,45.3592,Natural,7.5,7.08,7.42,9.33
Arabica,Colombia,1,2.0,Washed,7.42,8.0,8.08,8.67
Arabica,Taiwan,5,30.0,Semi-Washed,7.25,7.08,7.17,10.0
Arabica,Guatemala,250,1.0,Washed,7.0,7.17,7.0,10.0
Arabica,Mexico,10,1.0,Washed,7.58,7.33,6.75,10.0
Arabica,Vietnam,1,2.0,Other,7.42,7.25,7.42,8.67
Arabica,Nicaragua,275,2.0,Washed,7.17,7.08,7.25,10.0
Arabica,Honduras,275,1.0,Washed,7.25,7.25,7.08,10.0
Arabica,Guatemala,250,69.0,Washed,7.33,7.33,7.17,10.0
Arabica,Mexico,20,1.0,Washed,7.33,7.08,7.25,10.0
Arabica,Mexico,15,1.0,Washed,7.58,7.42,7.08,8.67
Arabica,Mexico,15,1.0,Washed,7.33,7.33,7.25,10.0
Arabica,Guatemala,250,1.0,Washed,7.33,7.33,7.0,10.0
Arabica,Brazil,440,60.0,Pulped-Natural,7.17,7.17,7.25,10.0
Arabica,Taiwan,10,60.0,Washed,7.42,7.25,7.0,10.0
Arabica,Nicaragua,1,2.26796,Natural,7.25,7.17,7.17,10.0
Arabica,Taiwan,10,30.0,Other,7.25,7.25,7.08,10.0
Arabica,Taiwan,10,30.0,Semi-Washed,7.25,7.25,7.17,10.0
Arabica,Mexico,13,1.0,Washed,7.33,7.17,7.08,10.0
Arabica,Mexico,10,1.0,Washed,7.25,7.08,7.33,10.0
Arabica,Nicaragua,275,69.0,Washed,7.33,7.08,7.42,10.0
Arabica,Myanmar,1,2.0,Washed,7.17,7.33,7.17,10.0
Arabica,Mexico,280,2.0,Washed,7.58,7.75,7.5,8.67
Arabica,Thailand,2,1.0,Washed,7.33,6.67,7.42,10.0
Arabica,Mexico,20,1.0,Washed,7.25,7.25,7.33,9.33
Arabica,Mexico,256,1.0,Washed,7.08,7.33,7.08,10.0
Arabica,Colombia,275,2.0,Washed,7.83,7.67,7.83,6.67
Arabica,United States (Hawaii),12,100.0,Natural,7.5,7.0,7.33,10.0
Arabica,Mexico,400,1.0,Washed,7.33,7.08,7.42,9.33
Arabica,Mexico,10,1.0,Washed,7.17,7.17,7.33,10.0
Arabica,Mexico,82,1.0,Washed,7.5,7.17,7.25,10.0
Arabica,Mexico,250,1.0,Washed,7.17,7.08,7.5,9.33
Arabica,Mexico,100,1.0,Natural,7.33,7.25,7.17,9.33
Arabica,Mexico,209,1.0,Washed,7.17,7.33,7.33,10.0
Arabica,Kenya,200,12000.0,Washed,7.0,7.08,7.25,10.0
Arabica,Guatemala,50,69.0,Washed,7.33,7.25,7.25,9.33
Arabica,Nicaragua,75,2.0,Washed,6.83,7.17,7.5,10.0
Arabica,Mexico,250,1.0,Washed,7.17,7.08,7.5,10.0
Arabica,United States (Hawaii),12,45.3592,Natural,7.58,7.08,7.5,9.33
Arabica,Guatemala,25,69.0,Washed,7.5,7.42,7.33,9.33
Arabica,Taiwan,28,50.0,Natural,7.75,7.33,7.67,9.33
Arabica,Taiwan,50,20.0,Washed,7.08,7.08,7.17,10.0
Arabica,Thailand,1,1.0,Washed,7.25,7.08,7.08,10.0
Arabica,Peru,320,2.26796,Washed,7.0,7.08,7.5,9.33
Arabica,Costa Rica,275,2.0,Washed,7.58,7.5,7.67,8.0
Arabica,Mexico,310,1.0,Washed,7.58,7.08,7.5,10.0
Arabica,Mexico,275,1.0,Washed,7.58,7.08,7.5,10.0
Arabica,Mexico,380,1.0,Washed,7.25,7.08,7.17,10.0
Arabica,Mexico,12,1.0,Washed,7.25,7.17,7.17,10.0
Arabica,Mexico,250,1.0,Washed,7.33,7.25,7.08,10.0
Arabica,Guatemala,275,69.0,Washed,7.58,7.33,7.0,9.33
Arabica,Mexico,36,1.0,Washed,7.25,6.83,7.25,10.0
Arabica,Guatemala,25,69.0,Washed,7.42,7.42,7.42,9.33
Arabica,El Salvador,275,69.0,Washed,7.25,7.08,7.33,10.0
Arabica,Thailand,1,1.0,Washed,6.92,7.17,7.17,10.0
Arabica,Guatemala,250,69.0,Washed,7.5,7.0,7.08,10.0
Arabica,Mexico,310,1.0,Washed,7.42,7.25,7.17,10.0
Arabica,Mexico,10,1.0,Washed,7.33,7.17,7.08,10.0
Arabica,Mexico,253,1.0,Washed,6.92,7.17,7.08,10.0
Arabica,Mexico,50,1.0,Washed,7.08,7.0,7.25,10.0
Arabica,Mexico,250,1.0,Washed,7.25,6.92,7.25,10.0
Arabica,Nicaragua,275,69.0,Natural,6.92,6.92,7.25,10.0
Arabica,Taiwan,10,2.0,Natural,6.92,7.0,7.42,10.0
Arabica,Colombia,250,70.0,Washed,7.83,7.5,7.67,10.0
Arabica,Mexico,250,1.0,Washed,7.25,7.08,7.58,9.33
Arabica,Mexico,127,1.0,Washed,7.25,7.33,7.17,9.33
Arabica,Guatemala,250,69.0,Washed,7.08,7.33,7.33,9.33
Arabica,Guatemala,275,69.0,Washed,7.25,7.33,7.0,10.0
Arabica,Mexico,10,1.0,Washed,7.0,6.83,7.33,10.0
Arabica,Cote d?Ivoire,2,1.0,Washed,7.42,7.25,7.33,9.33
Arabica,Colombia,250,1.360776,Washed,7.42,7.25,7.42,9.33
Arabica,Mexico,30,1.0,Washed,7.0,7.0,7.42,10.0
Arabica,Mexico,50,1.0,Washed,7.42,7.17,7.08,9.33
Arabica,Guatemala,250,1.0,Washed,7.17,6.5,7.58,10.0
Arabica,Taiwan,50,20.0,Washed,7.08,6.83,7.42,10.0
Arabica,Mexico,12,1.0,Washed,7.0,7.0,7.17,10.0
Arabica,Guatemala,50,69.0,Washed,7.33,7.42,7.5,8.67
Arabica,Honduras,15,69.0,Washed,7.58,7.0,7.0,10.0
Arabica,Guatemala,250,69.0,Washed,7.08,7.0,7.0,10.0
Arabica,Guatemala,275,69.0,Washed,7.25,7.17,7.0,10.0
Arabica,Costa Rica,1,2.0,Washed,7.17,7.42,7.25,10.0
Arabica,Mexico,10,1.0,Washed,7.25,7.08,7.17,9.33
Arabica,Mexico,53,1.0,Washed,7.17,6.92,7.17,10.0
Arabica,Guatemala,50,69.0,Washed,7.58,7.67,7.67,8.67
Arabica,United States (Puerto Rico),18,2.26796,Washed,7.42,7.08,7.33,10.0
Arabica,Mexico,13,1.0,Washed,7.33,7.0,7.33,9.33
Arabica,Mexico,10,1.0,Washed,7.25,7.08,7.42,9.33
Arabica,Mexico,10,1.0,Washed,7.17,7.25,7.25,9.33
Arabica,Guatemala,250,69.0,Washed,7.33,7.17,7.08,10.0
Arabica,Honduras,275,2.0,Washed,7.0,7.0,7.0,10.0
Arabica,Peru,280,69.0,Washed,7.67,7.17,8.0,8.67
Arabica,Mexico,14,1.0,Natural,6.75,7.08,7.17,10.0
Arabica,Mexico,16,1.0,Semi-Washed,7.5,7.17,7.25,8.67
Arabica,Mexico,120,1.0,Washed,7.17,6.83,7.17,10.0
Arabica,Mexico,250,1.0,Washed,7.33,7.0,7.17,9.33
Arabica,Mexico,14,1.0,Washed,7.5,7.0,6.92,10.0
Arabica,Nicaragua,1,1.0,Other,7.17,7.0,7.0,10.0
Arabica,United States (Hawaii),11,0.907184,Natural,7.5,6.92,7.58,9.33
Arabica,Guatemala,250,69.0,Washed,7.33,7.08,7.0,10.0
Arabica,Mexico,20,1.0,Washed,7.25,6.83,7.17,10.0
Arabica,Mexico,35,1.0,Semi-Washed,7.25,7.33,7.08,8.67
Arabica,Mexico,10,1.0,Washed,7.67,7.17,7.58,9.33
Arabica,China,1,2.0,Washed,7.0,6.92,7.17,10.0
Arabica,Mexico,20,1.0,Washed,6.92,6.92,7.17,10.0
Arabica,Nicaragua,275,2.0,Natural,6.83,7.08,7.25,10.0
Arabica,Guatemala,250,69.0,Washed,7.33,7.17,7.25,8.67
Arabica,Taiwan,50,20.0,Washed,6.83,6.75,7.0,10.0
Arabica,Mexico,250,1.0,Washed,7.0,7.0,6.92,10.0
Arabica,Mexico,50,1.0,Washed,7.92,7.58,7.92,8.0
Arabica,Mexico,280,69.0,Washed,7.25,6.75,7.25,9.33
Arabica,Mexico,10,1.0,Washed,7.08,6.83,7.0,10.0
Arabica,Mexico,20,1.0,Washed,7.25,7.17,7.58,8.67
Arabica,Brazil,300,60.0,Natural,6.83,7.0,6.92,10.0
Arabica,Mexico,10,1.0,Washed,7.58,7.17,7.33,8.0
Arabica,United States (Hawaii),5,45.3592,Natural,7.5,7.75,7.92,7.33
Arabica,Guatemala,275,69.0,Washed,7.17,6.5,7.17,10.0
Arabica,Guatemala,250,1.0,Washed,7.17,7.17,7.0,10.0
Arabica,Mexico,100,1.0,Natural,7.25,7.25,7.33,8.0
Arabica,Guatemala,250,1.0,Washed,7.17,6.08,7.33,10.0
Arabica,United States (Hawaii),18,45.3592,Natural,7.5,7.5,7.5,8.67
Arabica,United States (Hawaii),5,45.3592,Natural,7.42,7.33,7.67,8.0
Arabica,Indonesia,2,1.0,Washed,6.92,6.83,6.92,10.0
Arabica,Mexico,320,1.0,Washed,7.08,6.83,7.25,10.0
Arabica,Taiwan,8,10.0,Washed,7.5,7.08,7.5,6.67
Arabica,Honduras,275,2.0,Natural,6.83,7.0,7.0,10.0
Arabica,United States (Hawaii),5,45.3592,Natural,7.58,7.33,7.5,8.0
Arabica,Guatemala,275,69.0,Washed,7.42,7.25,7.0,9.33
Arabica,China,16,2.0,Washed,7.33,7.17,7.33,9.33
Arabica,Guatemala,250,69.0,Washed,7.0,6.83,6.67,10.0
Arabica,Mexico,10,1.0,Washed,7.25,7.33,7.25,10.0
Arabica,Costa Rica,250,1.0,Washed,7.5,7.25,7.08,8.67
Arabica,Mexico,50,1.0,Washed,7.42,7.25,7.25,8.0
Arabica,Guatemala,250,1.0,Washed,7.17,6.17,7.33,10.0
Arabica,Brazil,1,2.26796,Washed,7.0,6.75,7.08,10.0
Arabica,Guatemala,250,1.0,Washed,7.0,6.83,6.83,10.0
Arabica,Taiwan,100,10.0,Washed,7.17,6.75,7.33,9.33
Arabica,United States (Hawaii),5,45.3592,Natural,7.58,7.67,7.42,9.33
Arabica,Mexico,23,1.0,Washed,7.17,6.75,6.83,10.0
Arabica,Guatemala,250,1.0,Washed,7.08,6.92,6.92,10.0
Arabica,Brazil,320,60.0,Natural,7.5,7.33,7.58,8.0
Arabica,Guatemala,275,69.0,Washed,7.33,7.0,7.17,9.33
Arabica,Mexico,10,1.0,Washed,7.33,7.0,6.92,9.33
Arabica,Haiti,1,1.814368,Washed,6.83,6.83,6.92,9.33
Arabica,United States (Hawaii),9,0.907184,Natural,7.08,6.92,7.58,8.67
Arabica,Mexico,10,1.0,Washed,7.08,7.0,7.33,8.67
Arabica,Peru,275,2.0,Washed,7.42,7.75,7.92,8.67
Arabica,India,20,50.0,Natural,7.67,7.33,7.17,9.33
Arabica,Guatemala,250,2.0,Washed,6.42,6.5,6.33,10.0
Arabica,Mexico,10,1.0,Washed,7.17,6.58,7.25,9.33
Arabica,Guatemala,250,69.0,Washed,7.5,7.0,7.17,8.67
Arabica,Guatemala,250,2.0,Washed,6.17,6.5,7.0,10.0
Arabica,United States (Hawaii),2,45.3592,Natural,7.25,7.08,7.33,8.67
Arabica,United States (Hawaii),6,45.3592,Natural,7.5,7.33,7.67,8.0
Arabica,Mexico,11,1.0,Washed,7.42,7.0,6.92,7.33
Arabica,Indonesia,15,2.0,Natural,7.33,7.0,7.58,9.33
Arabica,Mexico,20,1.0,Washed,7.08,6.83,7.17,10.0
Arabica,Honduras,275,2.0,Natural,6.83,6.83,7.0,9.33
Arabica,Philippines,1,2.0,Washed,6.83,6.5,6.75,9.33
Arabica,Brazil,440,59.0,Natural,7.17,7.0,7.17,8.0
Arabica,Guatemala,250,1.0,Washed,7.92,7.58,7.33,8.0
Arabica,Guatemala,250,1.0,Washed,6.67,6.5,7.17,8.67
Arabica,Mexico,10,1.0,Washed,7.5,7.25,7.17,8.0
Arabica,Mexico,100,1.0,Washed,7.17,6.92,7.25,10.0
Arabica,Mexico,36,1.0,Washed,7.25,6.83,7.17,10.0
Arabica,Mexico,18,1.0,Washed,7.17,7.17,7.42,8.67
Arabica,Mexico,43,1.0,Washed,7.0,6.92,7.17,10.0
Arabica,Mexico,14,1.0,Washed,7.08,6.75,7.0,8.67
Arabica,Mexico,20,1.0,Washed,7.33,6.75,7.5,10.0
Arabica,Guatemala,250,1.0,Washed,6.75,6.5,7.25,8.0
Arabica,Guatemala,250,1.0,Washed,6.75,6.67,7.0,8.0
Arabica,Mexico,275,1.0,Washed,7.08,7.0,7.33,8.0
Arabica,United States (Hawaii),3,45.3592,Natural,7.5,7.25,7.42,8.0
Arabica,Guatemala,250,69.0,Washed,6.5,6.33,7.33,8.67
Arabica,Mexico,20,1.0,Washed,7.0,6.58,7.08,10.0
Arabica,Mexico,100,1.0,Washed,6.92,6.42,7.25,10.0
Arabica,Mexico,20,1.0,Washed,7.67,7.0,7.33,10.0
Arabica,United States (Hawaii),22,45.3592,Natural,7.17,7.17,7.67,9.33
Arabica,Honduras,275,2.0,Washed,7.0,7.17,7.0,8.0
Arabica,Mexico,280,69.0,Washed,7.08,7.08,6.92,8.0
Arabica,Colombia,1,2.26796,Natural,8.0,7.33,7.42,6.67
Arabica,United States (Hawaii),11,45.3592,Natural,6.92,6.92,7.58,6.67
Arabica,Costa Rica,250,1.0,Washed,6.33,6.5,6.33,10.0
Arabica,Mexico,10,1.0,Washed,6.92,6.92,7.17,10.0
Arabica,Mexico,25,1.0,Washed,6.5,6.67,7.33,8.0
Arabica,Mexico,280,2.0,Washed,6.92,7.0,7.42,6.0
Arabica,Brazil,305,59.0,Natural,7.0,7.0,7.33,6.0
Arabica,Honduras,275,1.0,Washed,6.67,6.5,6.83,8.0
Arabica,Honduras,275,1.0,Washed,7.0,6.17,6.5,8.0
Arabica,Honduras,275,1.0,Washed,7.0,6.33,6.67,8.0
Arabica,Mexico,12,1.0,Washed,7.08,6.83,7.25,10.0
Arabica,Haiti,1,2.0,Natural,6.75,6.58,7.08,9.33
Arabica,Nicaragua,550,69.0,Other,7.25,6.58,6.42,6.0
Arabica,Guatemala,275,1.0,Washed,7.5,6.67,7.33,8.0
Robusta,India,320,60.0,Washed,8.0,7.75,7.92,10.0
Robusta,India,320,60.0,Washed,7.67,7.75,7.92,10.0
Robusta,India,320,60.0,Washed,7.67,7.75,7.83,10.0
Robusta,India,320,60.0,Natural,7.67,7.83,7.75,10.0
Robusta,India,140,2.0,Natural,7.5,7.5,7.67,10.0
Robusta,India,250,2.0,Natural,7.58,7.42,7.42,10.0
Robusta,United States,100,1.0,Natural,7.92,7.5,7.42,9.33
Robusta,United States,1,1.0,Natural,7.33,7.33,7.5,9.33
Robusta,India,1,2.26796,Natural,7.42,6.83,7.25,9.33
Robusta,Vietnam,1,2.26796,Natural,6.75,6.67,6.92,9.33
